company,niche,category,phone,email,contact_name,contact_title,city_state,rating,reviews,current_domain,why_hot,priority_tier,score,ui_note,Subject Line,Email 1 (Icebreaker),Follow Up 1 (Day 3),Follow Up 2 (Day 7),Follow Up 3 (Day 12 - breakup)
Shag Carpet Prop Rentals,Party equipment rental,Party equipment rental service,+1 214-742-5252,christine@choosegreat.com,Christine Kless,marketing director,"Dallas, TX",4.9,85.0,shagcarpet.com,no analytics/tag manager; no fb pixel; no builder detected (likely static/neglected); no page title (thin site),High,11.0,Old but functional website design,Shag Carpet Prop Rentals's site could be costing you bookings,"Hi Christine,

I came across Shag Carpet Prop Rentals while looking at top event rental options in Dallas — 4.9 stars, 85 reviews, clearly well-run. The website (shagcarpet.com) looks like it hasn't been updated in a while though, and that's usually the first thing that makes new customers hesitate.

I'm Shriyansh, founder of Furviou — we build fast, modern sites for local businesses. I'd like to put together a free demo redesign of Shag Carpet Prop Rentals's homepage, no strings attached.

Want me to send it over?

Shriyansh Kumar Lohia
Founder — Furviou
furviou.com
Book a 15-min call: https://cal.com/whoshriyansh/15min","Hi Christine,

Just bumping this up in case it got buried. I already have a rough idea of what a cleaner homepage for Shag Carpet Prop Rentals could look like — happy to send the demo over first so you can judge it on its own, no pressure to reply either way.

Shriyansh
Furviou · furviou.com","Hi Christine,

We recently redesigned sites for a few other event rental businesses and it made a real difference in how they show up to new customers. Happy to share examples alongside the free demo for Shag Carpet Prop Rentals if that's useful.

15 minutes is enough to walk through it if you're open to it: https://cal.com/whoshriyansh/15min

Shriyansh
Furviou · furviou.com","Hi Christine,

I'll leave it here for now — if a faster, more modern site for Shag Carpet Prop Rentals becomes a priority later, happy to help whenever that is. You can always grab 15 minutes here: https://cal.com/whoshriyansh/15min

All the best,
Shriyansh
Furviou · furviou.com"
Anything Events and Rentals,Party equipment rental,Party equipment rental service,+1 850-462-4294,anythingevents.rentals@gmail.com,,,"Pensacola, FL",4.7,110.0,,no analytics/tag manager; no fb pixel; no builder detected (likely static/neglected); no page title (thin site),High,11.0,,Anything Events and Rentals — found you but couldn't find a website,"Hi there,

Anything Events and Rentals keeps coming up as a top-rated event rental option in Pensacola (4.7 stars, 110 reviews) — but I couldn't find a site to send people to. That's usually leads slipping straight to a competitor who does have one.

I build websites for local businesses at Furviou. I can send over a free demo of what a site for Anything Events and Rentals could look like, no obligation.

Want me to send it over?

Shriyansh Kumar Lohia
Founder — Furviou
furviou.com
Book a 15-min call: https://cal.com/whoshriyansh/15min","Hi there,

No worries if this slipped past — reaching out again in case it's useful. I can have a free demo homepage for Anything Events and Rentals ready in a day or two if you'd like to see it before we talk about anything.

Shriyansh
Furviou · furviou.com","Hi there,

Most event rental businesses we work with see it in fewer people bouncing off the site and more inquiries actually coming through. Want me to put together the free demo for Anything Events and Rentals so you can judge it for yourself?

Shriyansh
Furviou · furviou.com","Hi there,

Didn't want to keep filling your inbox — I'll stop here. If Anything Events and Rentals's site ever moves up the priority list, I'm happy to send that free demo whenever it's useful: https://cal.com/whoshriyansh/15min

Shriyansh
Furviou · furviou.com"
LNC PARTY RENTALS,Party equipment rental,Party equipment rental service,+1 915-691-5438,lncrentals915@gmail.com,,,"El Paso, TX",4.9,52.0,lnc-party-rentals.com,no analytics/tag manager; no fb pixel; no builder detected (likely static/neglected); no page title (thin site),High,10.8,Very Poor Website desig like very poor,quick redesign idea for LNC PARTY RENTALS,"Hi there,

I came across LNC PARTY RENTALS while looking at top event rental options in El Paso — 4.9 stars, 52 reviews, clearly well-run. The website (lnc-party-rentals.com) looks like it hasn't been updated in a while though, and that's usually the first thing that makes new customers hesitate.

I'm Shriyansh, founder of Furviou — we build fast, modern sites for local businesses. I'd like to put together a free demo redesign of LNC PARTY RENTALS's homepage, no strings attached.

Want me to send it over?

Shriyansh Kumar Lohia
Founder — Furviou
furviou.com
Book a 15-min call: https://cal.com/whoshriyansh/15min","Hi there,

Just bumping this up in case it got buried. I already have a rough idea of what a cleaner homepage for LNC PARTY RENTALS could look like — happy to send the demo over first so you can judge it on its own, no pressure to reply either way.

Shriyansh
Furviou · furviou.com","Hi there,

We recently redesigned sites for a few other event rental businesses and it made a real difference in how they show up to new customers. Happy to share examples alongside the free demo for LNC PARTY RENTALS if that's useful.

15 minutes is enough to walk through it if you're open to it: https://cal.com/whoshriyansh/15min

Shriyansh
Furviou · furviou.com","Hi there,

I'll leave it here for now — if a faster, more modern site for LNC PARTY RENTALS becomes a priority later, happy to help whenever that is. You can always grab 15 minutes here: https://cal.com/whoshriyansh/15min

All the best,
Shriyansh
Furviou · furviou.com"
Business Interiors,Furniture wholesaler,Office furniture store,+1 817-858-2000,michael.grady@charter.net,Michael Grady,facilities planner,"Irving, TX",4.7,20.0,businessinteriors.com,no analytics/tag manager; no fb pixel; no builder detected (likely static/neglected); no page title (thin site),High,10.1,Good website but very bad social media management,Business Interiors's Instagram vs. website — noticed a gap,"Hi Michael,

Business Interiors's social presence is strong, but the website doesn't match it yet — for a 4.7-star business with 20 reviews, that gap probably costs you conversions from people who check the site before booking.

I'm Shriyansh, founder of Furviou. I can build a free demo homepage for Business Interiors that matches the energy of your social pages — no cost to look.

Want me to send it over?

Shriyansh Kumar Lohia
Founder — Furviou
furviou.com
Book a 15-min call: https://cal.com/whoshriyansh/15min","Hi Michael,

No worries if this slipped past — reaching out again in case it's useful. I can have a free demo homepage for Business Interiors ready in a day or two if you'd like to see it before we talk about anything.

Shriyansh
Furviou · furviou.com","Hi Michael,

Most furniture businesses we work with see it in fewer people bouncing off the site and more inquiries actually coming through. Want me to put together the free demo for Business Interiors so you can judge it for yourself?

Shriyansh
Furviou · furviou.com","Hi Michael,

Didn't want to keep filling your inbox — I'll stop here. If Business Interiors's site ever moves up the priority list, I'm happy to send that free demo whenever it's useful: https://cal.com/whoshriyansh/15min

Shriyansh
Furviou · furviou.com"
King's Events & Tents,Party equipment rental,Party equipment rental service,+1 361-573-7230,info@kingseventsandtents.com,,,"Victoria, TX",4.4,34.0,kingseventsandtents.com,no analytics/tag manager; no fb pixel; no builder detected (likely static/neglected); no page title (thin site),High,10.0,No Url Found,King's Events & Tents — found you but couldn't find a website,"Hi there,

I was looking up event rental options in Victoria and couldn't find a website for King's Events & Tents — just the listing. With a 4.4-star rating from 34 reviews, you clearly have the reputation; it just isn't showing up when people search.

I'm Shriyansh, founder of Furviou — we build fast, simple websites for local event rental businesses like yours. Happy to put together a free demo page for King's Events & Tents so you can see it before deciding anything.

Worth a quick look?

Shriyansh Kumar Lohia
Founder — Furviou
furviou.com
Book a 15-min call: https://cal.com/whoshriyansh/15min","Hi there,

Just bumping this up in case it got buried. I already have a rough idea of what a cleaner homepage for King's Events & Tents could look like — happy to send the demo over first so you can judge it on its own, no pressure to reply either way.

Shriyansh
Furviou · furviou.com","Hi there,

We recently redesigned sites for a few other event rental businesses and it made a real difference in how they show up to new customers. Happy to share examples alongside the free demo for King's Events & Tents if that's useful.

15 minutes is enough to walk through it if you're open to it: https://cal.com/whoshriyansh/15min

Shriyansh
Furviou · furviou.com","Hi there,

I'll leave it here for now — if a faster, more modern site for King's Events & Tents becomes a priority later, happy to help whenever that is. You can always grab 15 minutes here: https://cal.com/whoshriyansh/15min

All the best,
Shriyansh
Furviou · furviou.com"
Alchemy Event Rentals,Party equipment rental,Party equipment rental service,+1 479-877-7575,info@alchemy-event-rentals.com,,,"Rogers, AR",5.0,16.0,alchemy-event-rentals.com,no analytics/tag manager; no fb pixel; no builder detected (likely static/neglected); no page title (thin site),High,10.0,very bad Design for website,quick redesign idea for Alchemy Event Rentals,"Hi there,

Alchemy Event Rentals has a great reputation in Rogers (5.0 stars, 16 reviews) but the current site doesn't reflect that yet. A dated site is often the one thing quietly costing a well-reviewed business new bookings.

I'm Shriyansh, founder of Furviou. I build modern, fast websites for local event rental businesses — happy to send a free demo redesign for Alchemy Event Rentals so you can see it before deciding on anything.

Open to a quick look?

Shriyansh Kumar Lohia
Founder — Furviou
furviou.com
Book a 15-min call: https://cal.com/whoshriyansh/15min","Hi there,

No worries if this slipped past — reaching out again in case it's useful. I can have a free demo homepage for Alchemy Event Rentals ready in a day or two if you'd like to see it before we talk about anything.

Shriyansh
Furviou · furviou.com","Hi there,

Most event rental businesses we work with see it in fewer people bouncing off the site and more inquiries actually coming through. Want me to put together the free demo for Alchemy Event Rentals so you can judge it for yourself?

Shriyansh
Furviou · furviou.com","Hi there,

Didn't want to keep filling your inbox — I'll stop here. If Alchemy Event Rentals's site ever moves up the priority list, I'm happy to send that free demo whenever it's useful: https://cal.com/whoshriyansh/15min

Shriyansh
Furviou · furviou.com"
Spectacular Event Rentals,Party equipment rental,Party equipment rental service,+1 903-819-5859,onebusiness439@gmail.com,,,"Red Oak, TX",4.8,221.0,spectaculareventrentals.com,no analytics/tag manager; no fb pixel; no builder detected (likely static/neglected),High,9.5,Old UI kind of sad,Spectacular Event Rentals's site could be costing you bookings,"Hi there,

I came across Spectacular Event Rentals while looking at top event rental options in Red Oak — 4.8 stars, 221 reviews, clearly well-run. The website (spectaculareventrentals.com) looks like it hasn't been updated in a while though, and that's usually the first thing that makes new customers hesitate.

I'm Shriyansh, founder of Furviou — we build fast, modern sites for local businesses. I'd like to put together a free demo redesign of Spectacular Event Rentals's homepage, no strings attached.

Want me to send it over?

Shriyansh Kumar Lohia
Founder — Furviou
furviou.com
Book a 15-min call: https://cal.com/whoshriyansh/15min","Hi there,

Just bumping this up in case it got buried. I already have a rough idea of what a cleaner homepage for Spectacular Event Rentals could look like — happy to send the demo over first so you can judge it on its own, no pressure to reply either way.

Shriyansh
Furviou · furviou.com","Hi there,

We recently redesigned sites for a few other event rental businesses and it made a real difference in how they show up to new customers. Happy to share examples alongside the free demo for Spectacular Event Rentals if that's useful.

15 minutes is enough to walk through it if you're open to it: https://cal.com/whoshriyansh/15min

Shriyansh
Furviou · furviou.com","Hi there,

I'll leave it here for now — if a faster, more modern site for Spectacular Event Rentals becomes a priority later, happy to help whenever that is. You can always grab 15 minutes here: https://cal.com/whoshriyansh/15min

All the best,
Shriyansh
Furviou · furviou.com"
Event Rental Factory,Party equipment rental,Party equipment rental service,+1 786-262-6395,eventsrentalfactory@gmail.com,,,"Miramar, FL",5.0,76.0,eventrentalfactory.com,no analytics/tag manager; no fb pixel; no builder detected (likely static/neglected),High,9.5,Very bad UI,a faster site for Event Rental Factory,"Hi there,

Event Rental Factory has a great reputation in Miramar (5.0 stars, 76 reviews) but the current site doesn't reflect that yet. A dated site is often the one thing quietly costing a well-reviewed business new bookings.

I'm Shriyansh, founder of Furviou. I build modern, fast websites for local event rental businesses — happy to send a free demo redesign for Event Rental Factory so you can see it before deciding on anything.

Open to a quick look?

Shriyansh Kumar Lohia
Founder — Furviou
furviou.com
Book a 15-min call: https://cal.com/whoshriyansh/15min","Hi there,

No worries if this slipped past — reaching out again in case it's useful. I can have a free demo homepage for Event Rental Factory ready in a day or two if you'd like to see it before we talk about anything.

Shriyansh
Furviou · furviou.com","Hi there,

Most event rental businesses we work with see it in fewer people bouncing off the site and more inquiries actually coming through. Want me to put together the free demo for Event Rental Factory so you can judge it for yourself?

Shriyansh
Furviou · furviou.com","Hi there,

Didn't want to keep filling your inbox — I'll stop here. If Event Rental Factory's site ever moves up the priority list, I'm happy to send that free demo whenever it's useful: https://cal.com/whoshriyansh/15min

Shriyansh
Furviou · furviou.com"
Party U Rentals Inc,Party equipment rental,Party equipment rental service,+1 954-901-0091,info@partyurentals.com,,,"Davie, FL",4.9,146.0,partyurentals.com,no analytics/tag manager; no fb pixel; no builder detected (likely static/neglected),High,9.5,bad UI website,quick redesign idea for Party U Rentals Inc,"Hi there,

I came across Party U Rentals Inc while looking at top event rental options in Davie — 4.9 stars, 146 reviews, clearly well-run. The website (partyurentals.com) looks like it hasn't been updated in a while though, and that's usually the first thing that makes new customers hesitate.

I'm Shriyansh, founder of Furviou — we build fast, modern sites for local businesses. I'd like to put together a free demo redesign of Party U Rentals Inc's homepage, no strings attached.

Want me to send it over?

Shriyansh Kumar Lohia
Founder — Furviou
furviou.com
Book a 15-min call: https://cal.com/whoshriyansh/15min","Hi there,

Just bumping this up in case it got buried. I already have a rough idea of what a cleaner homepage for Party U Rentals Inc could look like — happy to send the demo over first so you can judge it on its own, no pressure to reply either way.

Shriyansh
Furviou · furviou.com","Hi there,

We recently redesigned sites for a few other event rental businesses and it made a real difference in how they show up to new customers. Happy to share examples alongside the free demo for Party U Rentals Inc if that's useful.

15 minutes is enough to walk through it if you're open to it: https://cal.com/whoshriyansh/15min

Shriyansh
Furviou · furviou.com","Hi there,

I'll leave it here for now — if a faster, more modern site for Party U Rentals Inc becomes a priority later, happy to help whenever that is. You can always grab 15 minutes here: https://cal.com/whoshriyansh/15min

All the best,
Shriyansh
Furviou · furviou.com"
Aztec Events & Tents,Party equipment rental,Party equipment rental service,+1 713-699-0088,fcrowley@aztecusa.com,Felicia Crowley,sales manager,"Houston, TX",4.5,296.0,aztecusa.com,no analytics/tag manager; no fb pixel; no builder detected (likely static/neglected),High,9.5,Rediecting taking time and time,aztecusa.com isn't loading right,"Hi Felicia,

I tried loading aztecusa.com and ran into trouble getting the page to come up properly. For a 4.5-star event rental business in Houston, that likely means real inquiries are bouncing off before they even see your work.

I'm Shriyansh, founder of Furviou — we fix and rebuild sites like this fast. I can send over a free demo of a cleaned-up version so you can see it working.

Worth a look?

Shriyansh Kumar Lohia
Founder — Furviou
furviou.com
Book a 15-min call: https://cal.com/whoshriyansh/15min","Hi Felicia,

No worries if this slipped past — reaching out again in case it's useful. I can have a free demo homepage for Aztec Events & Tents ready in a day or two if you'd like to see it before we talk about anything.

Shriyansh
Furviou · furviou.com","Hi Felicia,

Most event rental businesses we work with see it in fewer people bouncing off the site and more inquiries actually coming through. Want me to put together the free demo for Aztec Events & Tents so you can judge it for yourself?

Shriyansh
Furviou · furviou.com","Hi Felicia,

Didn't want to keep filling your inbox — I'll stop here. If Aztec Events & Tents's site ever moves up the priority list, I'm happy to send that free demo whenever it's useful: https://cal.com/whoshriyansh/15min

Shriyansh
Furviou · furviou.com"
Premiere Events - Bryan College Station,Party equipment rental,Party equipment rental service,+1 979-696-5555,delores.crum@premierepartycentral.com,Delores Crum,owner,"College Station, TX",4.6,138.0,premiereeventsonline.com,no analytics/tag manager; no fb pixel; no builder detected (likely static/neglected),High,9.5,Old Website,a faster site for Premiere Events - Bryan College Station,"Hi Delores,

I came across Premiere Events - Bryan College Station while looking at top event rental options in College Station — 4.6 stars, 138 reviews, clearly well-run. The website (premiereeventsonline.com) looks like it hasn't been updated in a while though, and that's usually the first thing that makes new customers hesitate.

I'm Shriyansh, founder of Furviou — we build fast, modern sites for local businesses. I'd like to put together a free demo redesign of Premiere Events - Bryan College Station's homepage, no strings attached.

Want me to send it over?

Shriyansh Kumar Lohia
Founder — Furviou
furviou.com
Book a 15-min call: https://cal.com/whoshriyansh/15min","Hi Delores,

Just bumping this up in case it got buried. I already have a rough idea of what a cleaner homepage for Premiere Events - Bryan College Station could look like — happy to send the demo over first so you can judge it on its own, no pressure to reply either way.

Shriyansh
Furviou · furviou.com","Hi Delores,

We recently redesigned sites for a few other event rental businesses and it made a real difference in how they show up to new customers. Happy to share examples alongside the free demo for Premiere Events - Bryan College Station if that's useful.

15 minutes is enough to walk through it if you're open to it: https://cal.com/whoshriyansh/15min

Shriyansh
Furviou · furviou.com","Hi Delores,

I'll leave it here for now — if a faster, more modern site for Premiere Events - Bryan College Station becomes a priority later, happy to help whenever that is. You can always grab 15 minutes here: https://cal.com/whoshriyansh/15min

All the best,
Shriyansh
Furviou · furviou.com"
All Needz Rental Center Inc,Party equipment rental,Party equipment rental service,+1 256-837-5322,taylor72@bellsouth.net,Steve Whitman,owner,"Huntsville, AL",4.7,143.0,allneedzrental.com,no analytics/tag manager; no fb pixel; DIY builder (Wix.com Website Builder),High,9.5,Little old design but everything is present,a faster site for All Needz Rental Center Inc,"Hi Steve,

I pulled up allneedzrental.com and it's still running on the free Wix builder. For a 4.7-star event rental business in Huntsville with 143 reviews behind it, that's leaving money on the table — templates rarely convert as well as a custom-built site.

At Furviou we build fast, custom sites for local businesses. I'd be glad to put together a no-cost demo homepage for All Needz Rental Center Inc so you can see the difference first.

Open to a look?

Shriyansh Kumar Lohia
Founder — Furviou
furviou.com
Book a 15-min call: https://cal.com/whoshriyansh/15min","Hi Steve,

No worries if this slipped past — reaching out again in case it's useful. I can have a free demo homepage for All Needz Rental Center Inc ready in a day or two if you'd like to see it before we talk about anything.

Shriyansh
Furviou · furviou.com","Hi Steve,

Most event rental businesses we work with see it in fewer people bouncing off the site and more inquiries actually coming through. Want me to put together the free demo for All Needz Rental Center Inc so you can judge it for yourself?

Shriyansh
Furviou · furviou.com","Hi Steve,

Didn't want to keep filling your inbox — I'll stop here. If All Needz Rental Center Inc's site ever moves up the priority list, I'm happy to send that free demo whenever it's useful: https://cal.com/whoshriyansh/15min

Shriyansh
Furviou · furviou.com"
Fox Rental,Party equipment rental,Party equipment rental service,+1 817-354-1122,jnfunes8@hotmail.com,Nelson Funes,technician,"Euless, TX",4.7,76.0,foxrents.com,no analytics/tag manager; no fb pixel; no builder detected (likely static/neglected),High,9.5,Not getting loaded,foxrents.com isn't loading right,"Hi Nelson,

I tried loading foxrents.com and ran into trouble getting the page to come up properly. For a 4.7-star event rental business in Euless, that likely means real inquiries are bouncing off before they even see your work.

I'm Shriyansh, founder of Furviou — we fix and rebuild sites like this fast. I can send over a free demo of a cleaned-up version so you can see it working.

Worth a look?

Shriyansh Kumar Lohia
Founder — Furviou
furviou.com
Book a 15-min call: https://cal.com/whoshriyansh/15min","Hi Nelson,

Just bumping this up in case it got buried. I already have a rough idea of what a cleaner homepage for Fox Rental could look like — happy to send the demo over first so you can judge it on its own, no pressure to reply either way.

Shriyansh
Furviou · furviou.com","Hi Nelson,

We recently redesigned sites for a few other event rental businesses and it made a real difference in how they show up to new customers. Happy to share examples alongside the free demo for Fox Rental if that's useful.

15 minutes is enough to walk through it if you're open to it: https://cal.com/whoshriyansh/15min

Shriyansh
Furviou · furviou.com","Hi Nelson,

I'll leave it here for now — if a faster, more modern site for Fox Rental becomes a priority later, happy to help whenever that is. You can always grab 15 minutes here: https://cal.com/whoshriyansh/15min

All the best,
Shriyansh
Furviou · furviou.com"
"Spring Party Rentals, LLC",Party equipment rental,Party equipment rental service,+1 281-353-2056,info@springpartyrentals.com,,,"Tomball, TX",4.8,268.0,springpartyrentals.com,no analytics/tag manager; no fb pixel; no builder detected (likely static/neglected),High,9.5,,"a faster site for Spring Party Rentals, LLC","Hi there,

Spring Party Rentals, LLC has a great reputation in Tomball (4.8 stars, 268 reviews) but the current site doesn't reflect that yet. A dated site is often the one thing quietly costing a well-reviewed business new bookings.

I'm Shriyansh, founder of Furviou. I build modern, fast websites for local event rental businesses — happy to send a free demo redesign for Spring Party Rentals, LLC so you can see it before deciding on anything.

Open to a quick look?

Shriyansh Kumar Lohia
Founder — Furviou
furviou.com
Book a 15-min call: https://cal.com/whoshriyansh/15min","Hi there,

No worries if this slipped past — reaching out again in case it's useful. I can have a free demo homepage for Spring Party Rentals, LLC ready in a day or two if you'd like to see it before we talk about anything.

Shriyansh
Furviou · furviou.com","Hi there,

Most event rental businesses we work with see it in fewer people bouncing off the site and more inquiries actually coming through. Want me to put together the free demo for Spring Party Rentals, LLC so you can judge it for yourself?

Shriyansh
Furviou · furviou.com","Hi there,

Didn't want to keep filling your inbox — I'll stop here. If Spring Party Rentals, LLC's site ever moves up the priority list, I'm happy to send that free demo whenever it's useful: https://cal.com/whoshriyansh/15min

Shriyansh
Furviou · furviou.com"
IG 360 Experience Photo Booth Rentals and Equipment LLC,Party equipment rental,Party equipment rental service,+1 361-558-5350,mrequena84@gmail.com,,,"Corpus Christi, TX",5.0,82.0,ig-360-experience-photo-booth-rentals-and-equipment-llc.checkcherry.com,no analytics/tag manager; no fb pixel; no builder detected (likely static/neglected),High,9.5,bad Design  Website,quick redesign idea for IG 360 Experience Photo Booth Rentals and Equipment LLC,"Hi there,

I came across IG 360 Experience Photo Booth Rentals and Equipment LLC while looking at top event rental options in Corpus Christi — 5.0 stars, 82 reviews, clearly well-run. The website (ig-360-experience-photo-booth-rentals-and-equipment-llc.checkcherry.com) looks like it hasn't been updated in a while though, and that's usually the first thing that makes new customers hesitate.

I'm Shriyansh, founder of Furviou — we build fast, modern sites for local businesses. I'd like to put together a free demo redesign of IG 360 Experience Photo Booth Rentals and Equipment LLC's homepage, no strings attached.

Want me to send it over?

Shriyansh Kumar Lohia
Founder — Furviou
furviou.com
Book a 15-min call: https://cal.com/whoshriyansh/15min","Hi there,

Just bumping this up in case it got buried. I already have a rough idea of what a cleaner homepage for IG 360 Experience Photo Booth Rentals and Equipment LLC could look like — happy to send the demo over first so you can judge it on its own, no pressure to reply either way.

Shriyansh
Furviou · furviou.com","Hi there,

We recently redesigned sites for a few other event rental businesses and it made a real difference in how they show up to new customers. Happy to share examples alongside the free demo for IG 360 Experience Photo Booth Rentals and Equipment LLC if that's useful.

15 minutes is enough to walk through it if you're open to it: https://cal.com/whoshriyansh/15min

Shriyansh
Furviou · furviou.com","Hi there,

I'll leave it here for now — if a faster, more modern site for IG 360 Experience Photo Booth Rentals and Equipment LLC becomes a priority later, happy to help whenever that is. You can always grab 15 minutes here: https://cal.com/whoshriyansh/15min

All the best,
Shriyansh
Furviou · furviou.com"
Rocket City Party Rentals,Party equipment rental,Party equipment rental service,+1 256-970-5867,rocketcitypartyrentals@gmail.com,,,"Huntsville, AL",4.8,388.0,rocketcitypartyrentals.com,no analytics/tag manager; no fb pixel; no builder detected (likely static/neglected),High,9.5,Very Old UI and bad one,Rocket City Party Rentals's site could be costing you bookings,"Hi there,

Rocket City Party Rentals has a great reputation in Huntsville (4.8 stars, 388 reviews) but the current site doesn't reflect that yet. A dated site is often the one thing quietly costing a well-reviewed business new bookings.

I'm Shriyansh, founder of Furviou. I build modern, fast websites for local event rental businesses — happy to send a free demo redesign for Rocket City Party Rentals so you can see it before deciding on anything.

Open to a quick look?

Shriyansh Kumar Lohia
Founder — Furviou
furviou.com
Book a 15-min call: https://cal.com/whoshriyansh/15min","Hi there,

No worries if this slipped past — reaching out again in case it's useful. I can have a free demo homepage for Rocket City Party Rentals ready in a day or two if you'd like to see it before we talk about anything.

Shriyansh
Furviou · furviou.com","Hi there,

Most event rental businesses we work with see it in fewer people bouncing off the site and more inquiries actually coming through. Want me to put together the free demo for Rocket City Party Rentals so you can judge it for yourself?

Shriyansh
Furviou · furviou.com","Hi there,

Didn't want to keep filling your inbox — I'll stop here. If Rocket City Party Rentals's site ever moves up the priority list, I'm happy to send that free demo whenever it's useful: https://cal.com/whoshriyansh/15min

Shriyansh
Furviou · furviou.com"
Reliable Rental-Franklin County,Party equipment rental,Party equipment rental service,+1 931-962-0406,reliablerentaloffc@gmail.com,,,"Winchester, TN",4.5,89.0,reliablerentalfc.com,no analytics/tag manager; no fb pixel; DIY builder (Wix.com Website Builder),High,9.5,Very Bad UI and old one,"outgrowing the Wix template, there?","Hi there,

Noticed Reliable Rental-Franklin County's current site (reliablerentalfc.com) is still on a Wix template. With 89 reviews and a 4.5-star rating, Reliable Rental-Franklin County has outgrown what a template can show off.

I'm Shriyansh, founder of Furviou — we build custom sites for event rental businesses that actually load fast and convert. I can mock up a free demo of a redesigned homepage for Reliable Rental-Franklin County so you can compare it side by side.

Want me to send it over?

Shriyansh Kumar Lohia
Founder — Furviou
furviou.com
Book a 15-min call: https://cal.com/whoshriyansh/15min","Hi there,

Just bumping this up in case it got buried. I already have a rough idea of what a cleaner homepage for Reliable Rental-Franklin County could look like — happy to send the demo over first so you can judge it on its own, no pressure to reply either way.

Shriyansh
Furviou · furviou.com","Hi there,

We recently redesigned sites for a few other event rental businesses and it made a real difference in how they show up to new customers. Happy to share examples alongside the free demo for Reliable Rental-Franklin County if that's useful.

15 minutes is enough to walk through it if you're open to it: https://cal.com/whoshriyansh/15min

Shriyansh
Furviou · furviou.com","Hi there,

I'll leave it here for now — if a faster, more modern site for Reliable Rental-Franklin County becomes a priority later, happy to help whenever that is. You can always grab 15 minutes here: https://cal.com/whoshriyansh/15min

All the best,
Shriyansh
Furviou · furviou.com"
Buddy's Home Furnishings,Party equipment rental,Furniture rental service,+1 870-633-6002,melissashaver62@gmail.com,Melissa Shaver,director of finance,"Forrest City, AR",4.7,150.0,buddyrents.com,no analytics/tag manager; no fb pixel; no builder detected (likely static/neglected),High,9.5,,quick redesign idea for Buddy's Home Furnishings,"Hi Melissa,

Buddy's Home Furnishings has a great reputation in Forrest City (4.7 stars, 150 reviews) but the current site doesn't reflect that yet. A dated site is often the one thing quietly costing a well-reviewed business new bookings.

I'm Shriyansh, founder of Furviou. I build modern, fast websites for local furniture businesses — happy to send a free demo redesign for Buddy's Home Furnishings so you can see it before deciding on anything.

Open to a quick look?

Shriyansh Kumar Lohia
Founder — Furviou
furviou.com
Book a 15-min call: https://cal.com/whoshriyansh/15min","Hi Melissa,

No worries if this slipped past — reaching out again in case it's useful. I can have a free demo homepage for Buddy's Home Furnishings ready in a day or two if you'd like to see it before we talk about anything.

Shriyansh
Furviou · furviou.com","Hi Melissa,

Most furniture businesses we work with see it in fewer people bouncing off the site and more inquiries actually coming through. Want me to put together the free demo for Buddy's Home Furnishings so you can judge it for yourself?

Shriyansh
Furviou · furviou.com","Hi Melissa,

Didn't want to keep filling your inbox — I'll stop here. If Buddy's Home Furnishings's site ever moves up the priority list, I'm happy to send that free demo whenever it's useful: https://cal.com/whoshriyansh/15min

Shriyansh
Furviou · furviou.com"
New Kendall Party Rental | Event Rentals Miami,Party equipment rental,Party equipment rental service,+1 786-458-2157,info@newkendallpartyrental.com,,,"Miami, FL",4.8,85.0,newkendallpartyrental.com,no analytics/tag manager; no fb pixel; DIY builder (Wix.com Website Builder),High,9.5,Not Mobile Responsive,New Kendall Party Rental | Event Rentals Miami's Wix site — quick thought,"Hi there,

Noticed New Kendall Party Rental | Event Rentals Miami's current site (newkendallpartyrental.com) is still on a Wix template. With 85 reviews and a 4.8-star rating, New Kendall Party Rental | Event Rentals Miami has outgrown what a template can show off.

I'm Shriyansh, founder of Furviou — we build custom sites for event rental businesses that actually load fast and convert. I can mock up a free demo of a redesigned homepage for New Kendall Party Rental | Event Rentals Miami so you can compare it side by side.

Want me to send it over?

Shriyansh Kumar Lohia
Founder — Furviou
furviou.com
Book a 15-min call: https://cal.com/whoshriyansh/15min","Hi there,

Just bumping this up in case it got buried. I already have a rough idea of what a cleaner homepage for New Kendall Party Rental | Event Rentals Miami could look like — happy to send the demo over first so you can judge it on its own, no pressure to reply either way.

Shriyansh
Furviou · furviou.com","Hi there,

We recently redesigned sites for a few other event rental businesses and it made a real difference in how they show up to new customers. Happy to share examples alongside the free demo for New Kendall Party Rental | Event Rentals Miami if that's useful.

15 minutes is enough to walk through it if you're open to it: https://cal.com/whoshriyansh/15min

Shriyansh
Furviou · furviou.com","Hi there,

I'll leave it here for now — if a faster, more modern site for New Kendall Party Rental | Event Rentals Miami becomes a priority later, happy to help whenever that is. You can always grab 15 minutes here: https://cal.com/whoshriyansh/15min

All the best,
Shriyansh
Furviou · furviou.com"
Nadeau Furniture,Furniture wholesaler,Furniture store,+1 512-370-8500,asheville@furniturewithasoul.com,,,"Austin, TX",4.8,64.0,nadeauaustin.com,no analytics/tag manager; no fb pixel; no builder detected (likely static/neglected),High,9.4,,a faster site for Nadeau Furniture,"Hi there,

Nadeau Furniture has a great reputation in Austin (4.8 stars, 64 reviews) but the current site doesn't reflect that yet. A dated site is often the one thing quietly costing a well-reviewed business new bookings.

I'm Shriyansh, founder of Furviou. I build modern, fast websites for local furniture businesses — happy to send a free demo redesign for Nadeau Furniture so you can see it before deciding on anything.

Open to a quick look?

Shriyansh Kumar Lohia
Founder — Furviou
furviou.com
Book a 15-min call: https://cal.com/whoshriyansh/15min","Hi there,

No worries if this slipped past — reaching out again in case it's useful. I can have a free demo homepage for Nadeau Furniture ready in a day or two if you'd like to see it before we talk about anything.

Shriyansh
Furviou · furviou.com","Hi there,

Most furniture businesses we work with see it in fewer people bouncing off the site and more inquiries actually coming through. Want me to put together the free demo for Nadeau Furniture so you can judge it for yourself?

Shriyansh
Furviou · furviou.com","Hi there,

Didn't want to keep filling your inbox — I'll stop here. If Nadeau Furniture's site ever moves up the priority list, I'm happy to send that free demo whenever it's useful: https://cal.com/whoshriyansh/15min

Shriyansh
Furviou · furviou.com"
Texas Sumo Game Rental,Party equipment rental,Party equipment rental service,+1 214-357-7077,amielab@msn.com,Amie Bland,staffing coordinator,"Dallas, TX",4.5,62.0,texassumo.com,no analytics/tag manager; no fb pixel; no builder detected (likely static/neglected),High,9.4,Very old School Website,quick redesign idea for Texas Sumo Game Rental,"Hi Amie,

I came across Texas Sumo Game Rental while looking at top event rental options in Dallas — 4.5 stars, 62 reviews, clearly well-run. The website (texassumo.com) looks like it hasn't been updated in a while though, and that's usually the first thing that makes new customers hesitate.

I'm Shriyansh, founder of Furviou — we build fast, modern sites for local businesses. I'd like to put together a free demo redesign of Texas Sumo Game Rental's homepage, no strings attached.

Want me to send it over?

Shriyansh Kumar Lohia
Founder — Furviou
furviou.com
Book a 15-min call: https://cal.com/whoshriyansh/15min","Hi Amie,

Just bumping this up in case it got buried. I already have a rough idea of what a cleaner homepage for Texas Sumo Game Rental could look like — happy to send the demo over first so you can judge it on its own, no pressure to reply either way.

Shriyansh
Furviou · furviou.com","Hi Amie,

We recently redesigned sites for a few other event rental businesses and it made a real difference in how they show up to new customers. Happy to share examples alongside the free demo for Texas Sumo Game Rental if that's useful.

15 minutes is enough to walk through it if you're open to it: https://cal.com/whoshriyansh/15min

Shriyansh
Furviou · furviou.com","Hi Amie,

I'll leave it here for now — if a faster, more modern site for Texas Sumo Game Rental becomes a priority later, happy to help whenever that is. You can always grab 15 minutes here: https://cal.com/whoshriyansh/15min

All the best,
Shriyansh
Furviou · furviou.com"
850 Event Rentals,Party equipment rental,Party equipment rental service,+1 850-399-1660,info@850eventrentals.com,,,"Santa Rosa Beach, FL",4.7,59.0,850eventrentals.com,no analytics/tag manager; no fb pixel; DIY builder (Wix.com Website Builder),High,9.3,Old Scholl UI,850 Event Rentals's Wix site — quick thought,"Hi there,

I pulled up 850eventrentals.com and it's still running on the free Wix builder. For a 4.7-star event rental business in Santa Rosa Beach with 59 reviews behind it, that's leaving money on the table — templates rarely convert as well as a custom-built site.

At Furviou we build fast, custom sites for local businesses. I'd be glad to put together a no-cost demo homepage for 850 Event Rentals so you can see the difference first.

Open to a look?

Shriyansh Kumar Lohia
Founder — Furviou
furviou.com
Book a 15-min call: https://cal.com/whoshriyansh/15min","Hi there,

No worries if this slipped past — reaching out again in case it's useful. I can have a free demo homepage for 850 Event Rentals ready in a day or two if you'd like to see it before we talk about anything.

Shriyansh
Furviou · furviou.com","Hi there,

Most event rental businesses we work with see it in fewer people bouncing off the site and more inquiries actually coming through. Want me to put together the free demo for 850 Event Rentals so you can judge it for yourself?

Shriyansh
Furviou · furviou.com","Hi there,

Didn't want to keep filling your inbox — I'll stop here. If 850 Event Rentals's site ever moves up the priority list, I'm happy to send that free demo whenever it's useful: https://cal.com/whoshriyansh/15min

Shriyansh
Furviou · furviou.com"
R&M Fun Family Party Rental-Decoration,Party equipment rental,Party equipment rental service,+1 954-881-5523,funfamilypartyrental@gmail.com,R&M Fun Family Party Rental,,"Davie, FL",5.0,59.0,funfamilypartyrent.wixsite.com,no analytics/tag manager; no fb pixel; DIY builder (Wix),High,9.3,No Website and Wix is coming,"outgrowing the Wix template, R&M?","Hi R&M,

Noticed R&M Fun Family Party Rental-Decoration's current site (funfamilypartyrent.wixsite.com) is still on a Wix template. With 59 reviews and a 5.0-star rating, R&M Fun Family Party Rental-Decoration has outgrown what a template can show off.

I'm Shriyansh, founder of Furviou — we build custom sites for event rental businesses that actually load fast and convert. I can mock up a free demo of a redesigned homepage for R&M Fun Family Party Rental-Decoration so you can compare it side by side.

Want me to send it over?

Shriyansh Kumar Lohia
Founder — Furviou
furviou.com
Book a 15-min call: https://cal.com/whoshriyansh/15min","Hi R&M,

Just bumping this up in case it got buried. I already have a rough idea of what a cleaner homepage for R&M Fun Family Party Rental-Decoration could look like — happy to send the demo over first so you can judge it on its own, no pressure to reply either way.

Shriyansh
Furviou · furviou.com","Hi R&M,

We recently redesigned sites for a few other event rental businesses and it made a real difference in how they show up to new customers. Happy to share examples alongside the free demo for R&M Fun Family Party Rental-Decoration if that's useful.

15 minutes is enough to walk through it if you're open to it: https://cal.com/whoshriyansh/15min

Shriyansh
Furviou · furviou.com","Hi R&M,

I'll leave it here for now — if a faster, more modern site for R&M Fun Family Party Rental-Decoration becomes a priority later, happy to help whenever that is. You can always grab 15 minutes here: https://cal.com/whoshriyansh/15min

All the best,
Shriyansh
Furviou · furviou.com"
Enchanted Event Rentals LLC,Party equipment rental,Servicio de alquiler de equipos para fiestas,+1 469-543-7557,diana.larson@enchantedeventrentals.com,,,"McKinney, TX",4.9,57.0,enchantedeventrental.com,no analytics/tag manager; no fb pixel; no builder detected (likely static/neglected),High,9.3,bad Old design of website ,quick redesign idea for Enchanted Event Rentals LLC,"Hi there,

Enchanted Event Rentals LLC has a great reputation in McKinney (4.9 stars, 57 reviews) but the current site doesn't reflect that yet. A dated site is often the one thing quietly costing a well-reviewed business new bookings.

I'm Shriyansh, founder of Furviou. I build modern, fast websites for local event rental businesses — happy to send a free demo redesign for Enchanted Event Rentals LLC so you can see it before deciding on anything.

Open to a quick look?

Shriyansh Kumar Lohia
Founder — Furviou
furviou.com
Book a 15-min call: https://cal.com/whoshriyansh/15min","Hi there,

No worries if this slipped past — reaching out again in case it's useful. I can have a free demo homepage for Enchanted Event Rentals LLC ready in a day or two if you'd like to see it before we talk about anything.

Shriyansh
Furviou · furviou.com","Hi there,

Most event rental businesses we work with see it in fewer people bouncing off the site and more inquiries actually coming through. Want me to put together the free demo for Enchanted Event Rentals LLC so you can judge it for yourself?

Shriyansh
Furviou · furviou.com","Hi there,

Didn't want to keep filling your inbox — I'll stop here. If Enchanted Event Rentals LLC's site ever moves up the priority list, I'm happy to send that free demo whenever it's useful: https://cal.com/whoshriyansh/15min

Shriyansh
Furviou · furviou.com"
Butler Signature Events LLC,Party equipment rental,Party equipment rental service,+1 361-992-9813,isabel@butlersignatureevents.com,,,"Corpus Christi, TX",4.5,50.0,butlersignatureevents.com,no analytics/tag manager; no fb pixel; no builder detected (likely static/neglected),High,9.2,Very Bad UI,Butler Signature Events LLC's site could be costing you bookings,"Hi there,

I came across Butler Signature Events LLC while looking at top event rental options in Corpus Christi — 4.5 stars, 50 reviews, clearly well-run. The website (butlersignatureevents.com) looks like it hasn't been updated in a while though, and that's usually the first thing that makes new customers hesitate.

I'm Shriyansh, founder of Furviou — we build fast, modern sites for local businesses. I'd like to put together a free demo redesign of Butler Signature Events LLC's homepage, no strings attached.

Want me to send it over?

Shriyansh Kumar Lohia
Founder — Furviou
furviou.com
Book a 15-min call: https://cal.com/whoshriyansh/15min","Hi there,

Just bumping this up in case it got buried. I already have a rough idea of what a cleaner homepage for Butler Signature Events LLC could look like — happy to send the demo over first so you can judge it on its own, no pressure to reply either way.

Shriyansh
Furviou · furviou.com","Hi there,

We recently redesigned sites for a few other event rental businesses and it made a real difference in how they show up to new customers. Happy to share examples alongside the free demo for Butler Signature Events LLC if that's useful.

15 minutes is enough to walk through it if you're open to it: https://cal.com/whoshriyansh/15min

Shriyansh
Furviou · furviou.com","Hi there,

I'll leave it here for now — if a faster, more modern site for Butler Signature Events LLC becomes a priority later, happy to help whenever that is. You can always grab 15 minutes here: https://cal.com/whoshriyansh/15min

All the best,
Shriyansh
Furviou · furviou.com"
Space Walk of the Emerald Coast,Party equipment rental,Party equipment rental service,+1 850-683-5867,frankscurlock@me.com,Frank Scurlock,president,"Valparaiso, FL",4.8,48.0,herecomesfun.com,no analytics/tag manager; no fb pixel; no builder detected (likely static/neglected),High,9.2,Very bad UI,a faster site for Space Walk of the Emerald Coast,"Hi Frank,

Space Walk of the Emerald Coast has a great reputation in Valparaiso (4.8 stars, 48 reviews) but the current site doesn't reflect that yet. A dated site is often the one thing quietly costing a well-reviewed business new bookings.

I'm Shriyansh, founder of Furviou. I build modern, fast websites for local event rental businesses — happy to send a free demo redesign for Space Walk of the Emerald Coast so you can see it before deciding on anything.

Open to a quick look?

Shriyansh Kumar Lohia
Founder — Furviou
furviou.com
Book a 15-min call: https://cal.com/whoshriyansh/15min","Hi Frank,

No worries if this slipped past — reaching out again in case it's useful. I can have a free demo homepage for Space Walk of the Emerald Coast ready in a day or two if you'd like to see it before we talk about anything.

Shriyansh
Furviou · furviou.com","Hi Frank,

Most event rental businesses we work with see it in fewer people bouncing off the site and more inquiries actually coming through. Want me to put together the free demo for Space Walk of the Emerald Coast so you can judge it for yourself?

Shriyansh
Furviou · furviou.com","Hi Frank,

Didn't want to keep filling your inbox — I'll stop here. If Space Walk of the Emerald Coast's site ever moves up the priority list, I'm happy to send that free demo whenever it's useful: https://cal.com/whoshriyansh/15min

Shriyansh
Furviou · furviou.com"
"Ideal Event & Party Rentals , LLC",Party equipment rental,Party equipment rental service,+1 469-264-6809,idealeventpartyrentals@gmail.com,,,"Lavon, TX",4.9,47.0,idealeventandpartyrentals.com,no analytics/tag manager; no fb pixel; no builder detected (likely static/neglected),High,9.2,Bad and Old School UI,"quick redesign idea for Ideal Event & Party Rentals , LLC","Hi there,

I came across Ideal Event & Party Rentals , LLC while looking at top event rental options in Lavon — 4.9 stars, 47 reviews, clearly well-run. The website (idealeventandpartyrentals.com) looks like it hasn't been updated in a while though, and that's usually the first thing that makes new customers hesitate.

I'm Shriyansh, founder of Furviou — we build fast, modern sites for local businesses. I'd like to put together a free demo redesign of Ideal Event & Party Rentals , LLC's homepage, no strings attached.

Want me to send it over?

Shriyansh Kumar Lohia
Founder — Furviou
furviou.com
Book a 15-min call: https://cal.com/whoshriyansh/15min","Hi there,

Just bumping this up in case it got buried. I already have a rough idea of what a cleaner homepage for Ideal Event & Party Rentals , LLC could look like — happy to send the demo over first so you can judge it on its own, no pressure to reply either way.

Shriyansh
Furviou · furviou.com","Hi there,

We recently redesigned sites for a few other event rental businesses and it made a real difference in how they show up to new customers. Happy to share examples alongside the free demo for Ideal Event & Party Rentals , LLC if that's useful.

15 minutes is enough to walk through it if you're open to it: https://cal.com/whoshriyansh/15min

Shriyansh
Furviou · furviou.com","Hi there,

I'll leave it here for now — if a faster, more modern site for Ideal Event & Party Rentals , LLC becomes a priority later, happy to help whenever that is. You can always grab 15 minutes here: https://cal.com/whoshriyansh/15min

All the best,
Shriyansh
Furviou · furviou.com"
Corporate Outfitters,Furniture wholesaler,Office furniture store,+1 713-223-5920,jbates@corporateoutfittersfurniture.com,John Bates,president,"Houston, TX",4.9,44.0,corpout.com,no analytics/tag manager; no fb pixel; DIY builder (Wix.com Website Builder),High,9.1,Bad UI and not good,Corporate Outfitters's Wix site — quick thought,"Hi John,

I pulled up corpout.com and it's still running on the free Wix builder. For a 4.9-star furniture business in Houston with 44 reviews behind it, that's leaving money on the table — templates rarely convert as well as a custom-built site.

At Furviou we build fast, custom sites for local businesses. I'd be glad to put together a no-cost demo homepage for Corporate Outfitters so you can see the difference first.

Open to a look?

Shriyansh Kumar Lohia
Founder — Furviou
furviou.com
Book a 15-min call: https://cal.com/whoshriyansh/15min","Hi John,

No worries if this slipped past — reaching out again in case it's useful. I can have a free demo homepage for Corporate Outfitters ready in a day or two if you'd like to see it before we talk about anything.

Shriyansh
Furviou · furviou.com","Hi John,

Most furniture businesses we work with see it in fewer people bouncing off the site and more inquiries actually coming through. Want me to put together the free demo for Corporate Outfitters so you can judge it for yourself?

Shriyansh
Furviou · furviou.com","Hi John,

Didn't want to keep filling your inbox — I'll stop here. If Corporate Outfitters's site ever moves up the priority list, I'm happy to send that free demo whenever it's useful: https://cal.com/whoshriyansh/15min

Shriyansh
Furviou · furviou.com"
R&R Party Rentals,Party equipment rental,Party equipment rental service,+1 210-328-4627,rrpartyrentals1@gmail.com,,,"San Antonio, TX",4.7,44.0,rnrpartyrentals.weebly.com,no analytics/tag manager; no fb pixel; no builder detected (likely static/neglected),High,9.1,bad UI and very bad design,"outgrowing the Wix template, there?","Hi there,

Noticed R&R Party Rentals's current site (rnrpartyrentals.weebly.com) is still on a Wix template. With 44 reviews and a 4.7-star rating, R&R Party Rentals has outgrown what a template can show off.

I'm Shriyansh, founder of Furviou — we build custom sites for event rental businesses that actually load fast and convert. I can mock up a free demo of a redesigned homepage for R&R Party Rentals so you can compare it side by side.

Want me to send it over?

Shriyansh Kumar Lohia
Founder — Furviou
furviou.com
Book a 15-min call: https://cal.com/whoshriyansh/15min","Hi there,

Just bumping this up in case it got buried. I already have a rough idea of what a cleaner homepage for R&R Party Rentals could look like — happy to send the demo over first so you can judge it on its own, no pressure to reply either way.

Shriyansh
Furviou · furviou.com","Hi there,

We recently redesigned sites for a few other event rental businesses and it made a real difference in how they show up to new customers. Happy to share examples alongside the free demo for R&R Party Rentals if that's useful.

15 minutes is enough to walk through it if you're open to it: https://cal.com/whoshriyansh/15min

Shriyansh
Furviou · furviou.com","Hi there,

I'll leave it here for now — if a faster, more modern site for R&R Party Rentals becomes a priority later, happy to help whenever that is. You can always grab 15 minutes here: https://cal.com/whoshriyansh/15min

All the best,
Shriyansh
Furviou · furviou.com"
Coco Couture Linens,Party equipment rental,Party equipment rental service,+1 972-685-2402,info@cococouturelinens.com,,,"Dallas, TX",5.0,4.0,cococouturelinens.com,no analytics/tag manager; no fb pixel; no builder detected (likely static/neglected); no page title (thin site),High,9.1,very low review and can offer SEO Service,quick redesign idea for Coco Couture Linens,"Hi there,

Coco Couture Linens has a great reputation in Dallas (5.0 stars, 4 reviews) but the current site doesn't reflect that yet. A dated site is often the one thing quietly costing a well-reviewed business new bookings.

I'm Shriyansh, founder of Furviou. I build modern, fast websites for local event rental businesses — happy to send a free demo redesign for Coco Couture Linens so you can see it before deciding on anything.

Open to a quick look?

Shriyansh Kumar Lohia
Founder — Furviou
furviou.com
Book a 15-min call: https://cal.com/whoshriyansh/15min","Hi there,

No worries if this slipped past — reaching out again in case it's useful. I can have a free demo homepage for Coco Couture Linens ready in a day or two if you'd like to see it before we talk about anything.

Shriyansh
Furviou · furviou.com","Hi there,

Most event rental businesses we work with see it in fewer people bouncing off the site and more inquiries actually coming through. Want me to put together the free demo for Coco Couture Linens so you can judge it for yourself?

Shriyansh
Furviou · furviou.com","Hi there,

Didn't want to keep filling your inbox — I'll stop here. If Coco Couture Linens's site ever moves up the priority list, I'm happy to send that free demo whenever it's useful: https://cal.com/whoshriyansh/15min

Shriyansh
Furviou · furviou.com"
Big Day Event Rentals,Party equipment rental,Party equipment rental service,+1 850-862-3176,nickt@nwfdailynews.com,"Tomececk, Nick",staff photographer,"Fort Walton Beach, FL",4.5,39.0,thebigdayrentals.com,no analytics/tag manager; no fb pixel; no builder detected (likely static/neglected),High,9.1,Bad UI and it is very Bad,Big Day Event Rentals's site could be costing you bookings,"Hi Tomececk,,

I came across Big Day Event Rentals while looking at top event rental options in Fort Walton Beach — 4.5 stars, 39 reviews, clearly well-run. The website (thebigdayrentals.com) looks like it hasn't been updated in a while though, and that's usually the first thing that makes new customers hesitate.

I'm Shriyansh, founder of Furviou — we build fast, modern sites for local businesses. I'd like to put together a free demo redesign of Big Day Event Rentals's homepage, no strings attached.

Want me to send it over?

Shriyansh Kumar Lohia
Founder — Furviou
furviou.com
Book a 15-min call: https://cal.com/whoshriyansh/15min","Hi Tomececk,,

Just bumping this up in case it got buried. I already have a rough idea of what a cleaner homepage for Big Day Event Rentals could look like — happy to send the demo over first so you can judge it on its own, no pressure to reply either way.

Shriyansh
Furviou · furviou.com","Hi Tomececk,,

We recently redesigned sites for a few other event rental businesses and it made a real difference in how they show up to new customers. Happy to share examples alongside the free demo for Big Day Event Rentals if that's useful.

15 minutes is enough to walk through it if you're open to it: https://cal.com/whoshriyansh/15min

Shriyansh
Furviou · furviou.com","Hi Tomececk,,

I'll leave it here for now — if a faster, more modern site for Big Day Event Rentals becomes a priority later, happy to help whenever that is. You can always grab 15 minutes here: https://cal.com/whoshriyansh/15min

All the best,
Shriyansh
Furviou · furviou.com"
The Real Photo 360,Party equipment rental,Party equipment rental service,+1 972-467-6922,info@therealphoto360.com,,,"Grand Prairie, TX",5.0,38.0,therealphoto360.com,no analytics/tag manager; no fb pixel; DIY builder (Wix.com Website Builder),High,9.0,Very bad Ui,"outgrowing the Wix template, there?","Hi there,

I pulled up therealphoto360.com and it's still running on the free Wix builder. For a 5.0-star event rental business in Grand Prairie with 38 reviews behind it, that's leaving money on the table — templates rarely convert as well as a custom-built site.

At Furviou we build fast, custom sites for local businesses. I'd be glad to put together a no-cost demo homepage for The Real Photo 360 so you can see the difference first.

Open to a look?

Shriyansh Kumar Lohia
Founder — Furviou
furviou.com
Book a 15-min call: https://cal.com/whoshriyansh/15min","Hi there,

No worries if this slipped past — reaching out again in case it's useful. I can have a free demo homepage for The Real Photo 360 ready in a day or two if you'd like to see it before we talk about anything.

Shriyansh
Furviou · furviou.com","Hi there,

Most event rental businesses we work with see it in fewer people bouncing off the site and more inquiries actually coming through. Want me to put together the free demo for The Real Photo 360 so you can judge it for yourself?

Shriyansh
Furviou · furviou.com","Hi there,

Didn't want to keep filling your inbox — I'll stop here. If The Real Photo 360's site ever moves up the priority list, I'm happy to send that free demo whenever it's useful: https://cal.com/whoshriyansh/15min

Shriyansh
Furviou · furviou.com"
Branson Party Rentals,Party equipment rental,Party equipment rental service,+1 417-699-5349,sarahreinevents@gmail.com,,,"Branson, MO",5.0,37.0,bransonpartyrentals.com,no analytics/tag manager; no fb pixel; DIY builder (Wix.com Website Builder),High,9.0,Very slow loading time and with good UI,a faster site for Branson Party Rentals,"Hi there,

Noticed Branson Party Rentals's current site (bransonpartyrentals.com) is still on a Wix template. With 37 reviews and a 5.0-star rating, Branson Party Rentals has outgrown what a template can show off.

I'm Shriyansh, founder of Furviou — we build custom sites for event rental businesses that actually load fast and convert. I can mock up a free demo of a redesigned homepage for Branson Party Rentals so you can compare it side by side.

Want me to send it over?

Shriyansh Kumar Lohia
Founder — Furviou
furviou.com
Book a 15-min call: https://cal.com/whoshriyansh/15min","Hi there,

Just bumping this up in case it got buried. I already have a rough idea of what a cleaner homepage for Branson Party Rentals could look like — happy to send the demo over first so you can judge it on its own, no pressure to reply either way.

Shriyansh
Furviou · furviou.com","Hi there,

We recently redesigned sites for a few other event rental businesses and it made a real difference in how they show up to new customers. Happy to share examples alongside the free demo for Branson Party Rentals if that's useful.

15 minutes is enough to walk through it if you're open to it: https://cal.com/whoshriyansh/15min

Shriyansh
Furviou · furviou.com","Hi there,

I'll leave it here for now — if a faster, more modern site for Branson Party Rentals becomes a priority later, happy to help whenever that is. You can always grab 15 minutes here: https://cal.com/whoshriyansh/15min

All the best,
Shriyansh
Furviou · furviou.com"
Diamonette Event Rentals,Party equipment rental,Equipment rental agency,+1 305-592-1223,mayela@diamonette.com,Mayela Melendez,general manager,"Doral, FL",4.4,149.0,diamonette.com,no analytics/tag manager; no fb pixel; no builder detected (likely static/neglected),High,9.0,,Diamonette Event Rentals's site could be costing you bookings,"Hi Mayela,

Diamonette Event Rentals has a great reputation in Doral (4.4 stars, 149 reviews) but the current site doesn't reflect that yet. A dated site is often the one thing quietly costing a well-reviewed business new bookings.

I'm Shriyansh, founder of Furviou. I build modern, fast websites for local event rental businesses — happy to send a free demo redesign for Diamonette Event Rentals so you can see it before deciding on anything.

Open to a quick look?

Shriyansh Kumar Lohia
Founder — Furviou
furviou.com
Book a 15-min call: https://cal.com/whoshriyansh/15min","Hi Mayela,

No worries if this slipped past — reaching out again in case it's useful. I can have a free demo homepage for Diamonette Event Rentals ready in a day or two if you'd like to see it before we talk about anything.

Shriyansh
Furviou · furviou.com","Hi Mayela,

Most event rental businesses we work with see it in fewer people bouncing off the site and more inquiries actually coming through. Want me to put together the free demo for Diamonette Event Rentals so you can judge it for yourself?

Shriyansh
Furviou · furviou.com","Hi Mayela,

Didn't want to keep filling your inbox — I'll stop here. If Diamonette Event Rentals's site ever moves up the priority list, I'm happy to send that free demo whenever it's useful: https://cal.com/whoshriyansh/15min

Shriyansh
Furviou · furviou.com"
A PLUS PARTY AND EVENTS,Party equipment rental,Party equipment rental service,+1 361-237-0897,david@apluspartyrentals.com,David Thiel,president,"Victoria, TX",4.4,75.0,apluspartyrentals.com,no analytics/tag manager; no fb pixel; no builder detected (likely static/neglected),High,9.0,very Bad UI and it is not mobile responsive,quick mobile check on apluspartyrentals.com,"Hi David,

I checked apluspartyrentals.com on my phone and it doesn't render properly on mobile — and most people searching for event rental in Victoria are doing it from their phone. For a 4.4-star business with 75 reviews, that's likely costing you inquiries every week.

I'm Shriyansh, founder of Furviou. I can put together a free mobile-friendly demo of A PLUS PARTY AND EVENTS's homepage so you can see exactly what's fixable.

Want me to send it over?

Shriyansh Kumar Lohia
Founder — Furviou
furviou.com
Book a 15-min call: https://cal.com/whoshriyansh/15min","Hi David,

Just bumping this up in case it got buried. I already have a rough idea of what a cleaner homepage for A PLUS PARTY AND EVENTS could look like — happy to send the demo over first so you can judge it on its own, no pressure to reply either way.

Shriyansh
Furviou · furviou.com","Hi David,

We recently redesigned sites for a few other event rental businesses and it made a real difference in how they show up to new customers. Happy to share examples alongside the free demo for A PLUS PARTY AND EVENTS if that's useful.

15 minutes is enough to walk through it if you're open to it: https://cal.com/whoshriyansh/15min

Shriyansh
Furviou · furviou.com","Hi David,

I'll leave it here for now — if a faster, more modern site for A PLUS PARTY AND EVENTS becomes a priority later, happy to help whenever that is. You can always grab 15 minutes here: https://cal.com/whoshriyansh/15min

All the best,
Shriyansh
Furviou · furviou.com"
Aztec Rental & Sales,Party equipment rental,Equipment rental agency,+1 713-667-5651,carol@aztecrentalcenters.com,Richard Sorsby,president,"Houston, TX",4.4,115.0,aztecrentalcenters.com,no analytics/tag manager; no fb pixel; no builder detected (likely static/neglected),High,9.0,bad and clutery UI ,quick redesign idea for Aztec Rental & Sales,"Hi Richard,

Aztec Rental & Sales has a great reputation in Houston (4.4 stars, 115 reviews) but the current site doesn't reflect that yet. A dated site is often the one thing quietly costing a well-reviewed business new bookings.

I'm Shriyansh, founder of Furviou. I build modern, fast websites for local event rental businesses — happy to send a free demo redesign for Aztec Rental & Sales so you can see it before deciding on anything.

Open to a quick look?

Shriyansh Kumar Lohia
Founder — Furviou
furviou.com
Book a 15-min call: https://cal.com/whoshriyansh/15min","Hi Richard,

No worries if this slipped past — reaching out again in case it's useful. I can have a free demo homepage for Aztec Rental & Sales ready in a day or two if you'd like to see it before we talk about anything.

Shriyansh
Furviou · furviou.com","Hi Richard,

Most event rental businesses we work with see it in fewer people bouncing off the site and more inquiries actually coming through. Want me to put together the free demo for Aztec Rental & Sales so you can judge it for yourself?

Shriyansh
Furviou · furviou.com","Hi Richard,

Didn't want to keep filling your inbox — I'll stop here. If Aztec Rental & Sales's site ever moves up the priority list, I'm happy to send that free demo whenever it's useful: https://cal.com/whoshriyansh/15min

Shriyansh
Furviou · furviou.com"
Rental World,Party equipment rental,Equipment rental agency,+1 361-855-7368,felix.enriquez@hotmail.com,Felix Enriquez,manager,"Corpus Christi, TX",4.2,73.0,rentalworld.com,no analytics/tag manager; no fb pixel; no builder detected (likely static/neglected),Medium,9.0,bad UI and not mobile resonsive,Rental World's site could be costing you bookings,"Hi Felix,

I came across Rental World while looking at top event rental options in Corpus Christi — 4.2 stars, 73 reviews, clearly well-run. The website (rentalworld.com) looks like it hasn't been updated in a while though, and that's usually the first thing that makes new customers hesitate.

I'm Shriyansh, founder of Furviou — we build fast, modern sites for local businesses. I'd like to put together a free demo redesign of Rental World's homepage, no strings attached.

Want me to send it over?

Shriyansh Kumar Lohia
Founder — Furviou
furviou.com
Book a 15-min call: https://cal.com/whoshriyansh/15min","Hi Felix,

Just bumping this up in case it got buried. I already have a rough idea of what a cleaner homepage for Rental World could look like — happy to send the demo over first so you can judge it on its own, no pressure to reply either way.

Shriyansh
Furviou · furviou.com","Hi Felix,

We recently redesigned sites for a few other event rental businesses and it made a real difference in how they show up to new customers. Happy to share examples alongside the free demo for Rental World if that's useful.

15 minutes is enough to walk through it if you're open to it: https://cal.com/whoshriyansh/15min

Shriyansh
Furviou · furviou.com","Hi Felix,

I'll leave it here for now — if a faster, more modern site for Rental World becomes a priority later, happy to help whenever that is. You can always grab 15 minutes here: https://cal.com/whoshriyansh/15min

All the best,
Shriyansh
Furviou · furviou.com"
Bellville Rent- All LLC,Party equipment rental,Equipment rental agency,+1 979-865-1520,bellvillerent@att.net,,,"Bellville, TX",4.5,33.0,bellvillerent-all.com,no analytics/tag manager; no fb pixel; no builder detected (likely static/neglected),Medium,9.0,Can't reach the site,a faster site for Bellville Rent- All LLC,"Hi there,

Bellville Rent- All LLC has a great reputation in Bellville (4.5 stars, 33 reviews) but the current site doesn't reflect that yet. A dated site is often the one thing quietly costing a well-reviewed business new bookings.

I'm Shriyansh, founder of Furviou. I build modern, fast websites for local event rental businesses — happy to send a free demo redesign for Bellville Rent- All LLC so you can see it before deciding on anything.

Open to a quick look?

Shriyansh Kumar Lohia
Founder — Furviou
furviou.com
Book a 15-min call: https://cal.com/whoshriyansh/15min","Hi there,

No worries if this slipped past — reaching out again in case it's useful. I can have a free demo homepage for Bellville Rent- All LLC ready in a day or two if you'd like to see it before we talk about anything.

Shriyansh
Furviou · furviou.com","Hi there,

Most event rental businesses we work with see it in fewer people bouncing off the site and more inquiries actually coming through. Want me to put together the free demo for Bellville Rent- All LLC so you can judge it for yourself?

Shriyansh
Furviou · furviou.com","Hi there,

Didn't want to keep filling your inbox — I'll stop here. If Bellville Rent- All LLC's site ever moves up the priority list, I'm happy to send that free demo whenever it's useful: https://cal.com/whoshriyansh/15min

Shriyansh
Furviou · furviou.com"
Moore Rental Service Inc,Party equipment rental,Party equipment rental service,+1 817-277-1141,moorerental@yahoo.com,,,"Arlington, TX",4.5,31.0,moorerental.com,no analytics/tag manager; no fb pixel; no builder detected (likely static/neglected),Medium,8.9,,quick redesign idea for Moore Rental Service Inc,"Hi there,

I came across Moore Rental Service Inc while looking at top event rental options in Arlington — 4.5 stars, 31 reviews, clearly well-run. The website (moorerental.com) looks like it hasn't been updated in a while though, and that's usually the first thing that makes new customers hesitate.

I'm Shriyansh, founder of Furviou — we build fast, modern sites for local businesses. I'd like to put together a free demo redesign of Moore Rental Service Inc's homepage, no strings attached.

Want me to send it over?

Shriyansh Kumar Lohia
Founder — Furviou
furviou.com
Book a 15-min call: https://cal.com/whoshriyansh/15min","Hi there,

Just bumping this up in case it got buried. I already have a rough idea of what a cleaner homepage for Moore Rental Service Inc could look like — happy to send the demo over first so you can judge it on its own, no pressure to reply either way.

Shriyansh
Furviou · furviou.com","Hi there,

We recently redesigned sites for a few other event rental businesses and it made a real difference in how they show up to new customers. Happy to share examples alongside the free demo for Moore Rental Service Inc if that's useful.

15 minutes is enough to walk through it if you're open to it: https://cal.com/whoshriyansh/15min

Shriyansh
Furviou · furviou.com","Hi there,

I'll leave it here for now — if a faster, more modern site for Moore Rental Service Inc becomes a priority later, happy to help whenever that is. You can always grab 15 minutes here: https://cal.com/whoshriyansh/15min

All the best,
Shriyansh
Furviou · furviou.com"
"Performance Party Rents, LLC",Party equipment rental,Party equipment rental service,+1 979-848-8863,cwatts@performanceparty.com,Cheryl Watts,chief executive officer,"Angleton, TX",4.3,63.0,performanceparty.com,no analytics/tag manager; no fb pixel; DIY builder (Wix.com Website Builder),Medium,8.9,bad UI and not good UI,"Performance Party Rents, LLC's Wix site — quick thought","Hi Cheryl,

I pulled up performanceparty.com and it's still running on the free Wix builder. For a 4.3-star event rental business in Angleton with 63 reviews behind it, that's leaving money on the table — templates rarely convert as well as a custom-built site.

At Furviou we build fast, custom sites for local businesses. I'd be glad to put together a no-cost demo homepage for Performance Party Rents, LLC so you can see the difference first.

Open to a look?

Shriyansh Kumar Lohia
Founder — Furviou
furviou.com
Book a 15-min call: https://cal.com/whoshriyansh/15min","Hi Cheryl,

No worries if this slipped past — reaching out again in case it's useful. I can have a free demo homepage for Performance Party Rents, LLC ready in a day or two if you'd like to see it before we talk about anything.

Shriyansh
Furviou · furviou.com","Hi Cheryl,

Most event rental businesses we work with see it in fewer people bouncing off the site and more inquiries actually coming through. Want me to put together the free demo for Performance Party Rents, LLC so you can judge it for yourself?

Shriyansh
Furviou · furviou.com","Hi Cheryl,

Didn't want to keep filling your inbox — I'll stop here. If Performance Party Rents, LLC's site ever moves up the priority list, I'm happy to send that free demo whenever it's useful: https://cal.com/whoshriyansh/15min

Shriyansh
Furviou · furviou.com"
Events Styled by LUXE,Party equipment rental,Party equipment rental service,+1 850-261-7812,eventsstyledbyluxe@gmail.com,,,"Milton, FL",4.5,27.0,eventsstyledbyluxe.com,no analytics/tag manager; no fb pixel; no builder detected (likely static/neglected),Medium,8.8,bad UI and not good UI,a faster site for Events Styled by LUXE,"Hi there,

I came across Events Styled by LUXE while looking at top event rental options in Milton — 4.5 stars, 27 reviews, clearly well-run. The website (eventsstyledbyluxe.com) looks like it hasn't been updated in a while though, and that's usually the first thing that makes new customers hesitate.

I'm Shriyansh, founder of Furviou — we build fast, modern sites for local businesses. I'd like to put together a free demo redesign of Events Styled by LUXE's homepage, no strings attached.

Want me to send it over?

Shriyansh Kumar Lohia
Founder — Furviou
furviou.com
Book a 15-min call: https://cal.com/whoshriyansh/15min","Hi there,

Just bumping this up in case it got buried. I already have a rough idea of what a cleaner homepage for Events Styled by LUXE could look like — happy to send the demo over first so you can judge it on its own, no pressure to reply either way.

Shriyansh
Furviou · furviou.com","Hi there,

We recently redesigned sites for a few other event rental businesses and it made a real difference in how they show up to new customers. Happy to share examples alongside the free demo for Events Styled by LUXE if that's useful.

15 minutes is enough to walk through it if you're open to it: https://cal.com/whoshriyansh/15min

Shriyansh
Furviou · furviou.com","Hi there,

I'll leave it here for now — if a faster, more modern site for Events Styled by LUXE becomes a priority later, happy to help whenever that is. You can always grab 15 minutes here: https://cal.com/whoshriyansh/15min

All the best,
Shriyansh
Furviou · furviou.com"
Adams Party Bouncers,Party equipment rental,Party equipment rental service,+1 850-398-2602,b.adams@adamspartybouncers.com,Bill Adams,,"Baker, FL",4.8,26.0,adamspartybouncers.com,no analytics/tag manager; no fb pixel; no builder detected (likely static/neglected),Medium,8.8,bad UI and old design ,quick redesign idea for Adams Party Bouncers,"Hi Bill,

Adams Party Bouncers has a great reputation in Baker (4.8 stars, 26 reviews) but the current site doesn't reflect that yet. A dated site is often the one thing quietly costing a well-reviewed business new bookings.

I'm Shriyansh, founder of Furviou. I build modern, fast websites for local event rental businesses — happy to send a free demo redesign for Adams Party Bouncers so you can see it before deciding on anything.

Open to a quick look?

Shriyansh Kumar Lohia
Founder — Furviou
furviou.com
Book a 15-min call: https://cal.com/whoshriyansh/15min","Hi Bill,

No worries if this slipped past — reaching out again in case it's useful. I can have a free demo homepage for Adams Party Bouncers ready in a day or two if you'd like to see it before we talk about anything.

Shriyansh
Furviou · furviou.com","Hi Bill,

Most event rental businesses we work with see it in fewer people bouncing off the site and more inquiries actually coming through. Want me to put together the free demo for Adams Party Bouncers so you can judge it for yourself?

Shriyansh
Furviou · furviou.com","Hi Bill,

Didn't want to keep filling your inbox — I'll stop here. If Adams Party Bouncers's site ever moves up the priority list, I'm happy to send that free demo whenever it's useful: https://cal.com/whoshriyansh/15min

Shriyansh
Furviou · furviou.com"
FullRange GellyBall LLC,Party equipment rental,Party equipment rental service,+1 318-272-3884,fullrangegellyball@gmail.com,,,"Fort Walton Beach, FL",5.0,2.0,fullrangegellyball.wixsite.com,no analytics/tag manager; no fb pixel; no builder detected (likely static/neglected); no page title (thin site),Medium,8.8,WIX site is cominga nd I can help to get webiste up,FullRange GellyBall LLC's Wix site — quick thought,"Hi there,

Noticed FullRange GellyBall LLC's current site (fullrangegellyball.wixsite.com) is still on a Wix template. With 2 reviews and a 5.0-star rating, FullRange GellyBall LLC has outgrown what a template can show off.

I'm Shriyansh, founder of Furviou — we build custom sites for event rental businesses that actually load fast and convert. I can mock up a free demo of a redesigned homepage for FullRange GellyBall LLC so you can compare it side by side.

Want me to send it over?

Shriyansh Kumar Lohia
Founder — Furviou
furviou.com
Book a 15-min call: https://cal.com/whoshriyansh/15min","Hi there,

Just bumping this up in case it got buried. I already have a rough idea of what a cleaner homepage for FullRange GellyBall LLC could look like — happy to send the demo over first so you can judge it on its own, no pressure to reply either way.

Shriyansh
Furviou · furviou.com","Hi there,

We recently redesigned sites for a few other event rental businesses and it made a real difference in how they show up to new customers. Happy to share examples alongside the free demo for FullRange GellyBall LLC if that's useful.

15 minutes is enough to walk through it if you're open to it: https://cal.com/whoshriyansh/15min

Shriyansh
Furviou · furviou.com","Hi there,

I'll leave it here for now — if a faster, more modern site for FullRange GellyBall LLC becomes a priority later, happy to help whenever that is. You can always grab 15 minutes here: https://cal.com/whoshriyansh/15min

All the best,
Shriyansh
Furviou · furviou.com"
Emma Lu's Party Rentals,Party equipment rental,Party equipment rental service,+1 361-356-9770,rene@emmalus.com,,,"Corpus Christi, TX",5.0,24.0,emmalus.com,no analytics/tag manager; no fb pixel; no builder detected (likely static/neglected),Medium,8.7,Not a good website and gradient is bad and color theme is not intact,a faster site for Emma Lu's Party Rentals,"Hi there,

Emma Lu's Party Rentals has a great reputation in Corpus Christi (5.0 stars, 24 reviews) but the current site doesn't reflect that yet. A dated site is often the one thing quietly costing a well-reviewed business new bookings.

I'm Shriyansh, founder of Furviou. I build modern, fast websites for local event rental businesses — happy to send a free demo redesign for Emma Lu's Party Rentals so you can see it before deciding on anything.

Open to a quick look?

Shriyansh Kumar Lohia
Founder — Furviou
furviou.com
Book a 15-min call: https://cal.com/whoshriyansh/15min","Hi there,

No worries if this slipped past — reaching out again in case it's useful. I can have a free demo homepage for Emma Lu's Party Rentals ready in a day or two if you'd like to see it before we talk about anything.

Shriyansh
Furviou · furviou.com","Hi there,

Most event rental businesses we work with see it in fewer people bouncing off the site and more inquiries actually coming through. Want me to put together the free demo for Emma Lu's Party Rentals so you can judge it for yourself?

Shriyansh
Furviou · furviou.com","Hi there,

Didn't want to keep filling your inbox — I'll stop here. If Emma Lu's Party Rentals's site ever moves up the priority list, I'm happy to send that free demo whenever it's useful: https://cal.com/whoshriyansh/15min

Shriyansh
Furviou · furviou.com"
J.Inos Event Essentials,Party equipment rental,Party equipment rental service,+1 903-285-2633,jieventessentials@gmail.com,,,"Mt Pleasant, TX",5.0,23.0,jieventessentials.com,no analytics/tag manager; no fb pixel; no builder detected (likely static/neglected),Medium,8.7,Very Bad UI and nothing is good in deisgn,quick redesign idea for J.Inos Event Essentials,"Hi there,

I came across J.Inos Event Essentials while looking at top event rental options in Mt Pleasant — 5.0 stars, 23 reviews, clearly well-run. The website (jieventessentials.com) looks like it hasn't been updated in a while though, and that's usually the first thing that makes new customers hesitate.

I'm Shriyansh, founder of Furviou — we build fast, modern sites for local businesses. I'd like to put together a free demo redesign of J.Inos Event Essentials's homepage, no strings attached.

Want me to send it over?

Shriyansh Kumar Lohia
Founder — Furviou
furviou.com
Book a 15-min call: https://cal.com/whoshriyansh/15min","Hi there,

Just bumping this up in case it got buried. I already have a rough idea of what a cleaner homepage for J.Inos Event Essentials could look like — happy to send the demo over first so you can judge it on its own, no pressure to reply either way.

Shriyansh
Furviou · furviou.com","Hi there,

We recently redesigned sites for a few other event rental businesses and it made a real difference in how they show up to new customers. Happy to share examples alongside the free demo for J.Inos Event Essentials if that's useful.

15 minutes is enough to walk through it if you're open to it: https://cal.com/whoshriyansh/15min

Shriyansh
Furviou · furviou.com","Hi there,

I'll leave it here for now — if a faster, more modern site for J.Inos Event Essentials becomes a priority later, happy to help whenever that is. You can always grab 15 minutes here: https://cal.com/whoshriyansh/15min

All the best,
Shriyansh
Furviou · furviou.com"
832 Event Rentals,Party equipment rental,Party equipment rental service,+1 281-739-9449,rentals@832events.com,,,"Baytown, TX",5.0,23.0,832events.com,no analytics/tag manager; no fb pixel; no builder detected (likely static/neglected),Medium,8.7,Very Bad UI and it is not that great,832 Event Rentals's site could be costing you bookings,"Hi there,

832 Event Rentals has a great reputation in Baytown (5.0 stars, 23 reviews) but the current site doesn't reflect that yet. A dated site is often the one thing quietly costing a well-reviewed business new bookings.

I'm Shriyansh, founder of Furviou. I build modern, fast websites for local event rental businesses — happy to send a free demo redesign for 832 Event Rentals so you can see it before deciding on anything.

Open to a quick look?

Shriyansh Kumar Lohia
Founder — Furviou
furviou.com
Book a 15-min call: https://cal.com/whoshriyansh/15min","Hi there,

No worries if this slipped past — reaching out again in case it's useful. I can have a free demo homepage for 832 Event Rentals ready in a day or two if you'd like to see it before we talk about anything.

Shriyansh
Furviou · furviou.com","Hi there,

Most event rental businesses we work with see it in fewer people bouncing off the site and more inquiries actually coming through. Want me to put together the free demo for 832 Event Rentals so you can judge it for yourself?

Shriyansh
Furviou · furviou.com","Hi there,

Didn't want to keep filling your inbox — I'll stop here. If 832 Event Rentals's site ever moves up the priority list, I'm happy to send that free demo whenever it's useful: https://cal.com/whoshriyansh/15min

Shriyansh
Furviou · furviou.com"
Eden Jardin Boutique Party Rentals,Party equipment rental,Party equipment rental service,+1 940-268-5699,info@edenjardinpartyrentals.com,,,"Little Elm, TX",4.8,22.0,edenjardinpartyrentals.com,no analytics/tag manager; no fb pixel; DIY builder (Wix.com Website Builder),Medium,8.7,Not that great UI,"outgrowing the Wix template, there?","Hi there,

Noticed Eden Jardin Boutique Party Rentals's current site (edenjardinpartyrentals.com) is still on a Wix template. With 22 reviews and a 4.8-star rating, Eden Jardin Boutique Party Rentals has outgrown what a template can show off.

I'm Shriyansh, founder of Furviou — we build custom sites for event rental businesses that actually load fast and convert. I can mock up a free demo of a redesigned homepage for Eden Jardin Boutique Party Rentals so you can compare it side by side.

Want me to send it over?

Shriyansh Kumar Lohia
Founder — Furviou
furviou.com
Book a 15-min call: https://cal.com/whoshriyansh/15min","Hi there,

Just bumping this up in case it got buried. I already have a rough idea of what a cleaner homepage for Eden Jardin Boutique Party Rentals could look like — happy to send the demo over first so you can judge it on its own, no pressure to reply either way.

Shriyansh
Furviou · furviou.com","Hi there,

We recently redesigned sites for a few other event rental businesses and it made a real difference in how they show up to new customers. Happy to share examples alongside the free demo for Eden Jardin Boutique Party Rentals if that's useful.

15 minutes is enough to walk through it if you're open to it: https://cal.com/whoshriyansh/15min

Shriyansh
Furviou · furviou.com","Hi there,

I'll leave it here for now — if a faster, more modern site for Eden Jardin Boutique Party Rentals becomes a priority later, happy to help whenever that is. You can always grab 15 minutes here: https://cal.com/whoshriyansh/15min

All the best,
Shriyansh
Furviou · furviou.com"
Lavish Event Rentals,Party equipment rental,Furniture rental service,+1 305-731-2203,dfaust4@hotmail.com,Daisy Faust,owner,"Miami, FL",5.0,21.0,lavisheventrentals.com,no analytics/tag manager; no fb pixel; no builder detected (likely static/neglected),Medium,8.6,bad Ui and can be redesigned,quick redesign idea for Lavish Event Rentals,"Hi Daisy,

Lavish Event Rentals has a great reputation in Miami (5.0 stars, 21 reviews) but the current site doesn't reflect that yet. A dated site is often the one thing quietly costing a well-reviewed business new bookings.

I'm Shriyansh, founder of Furviou. I build modern, fast websites for local furniture businesses — happy to send a free demo redesign for Lavish Event Rentals so you can see it before deciding on anything.

Open to a quick look?

Shriyansh Kumar Lohia
Founder — Furviou
furviou.com
Book a 15-min call: https://cal.com/whoshriyansh/15min","Hi Daisy,

No worries if this slipped past — reaching out again in case it's useful. I can have a free demo homepage for Lavish Event Rentals ready in a day or two if you'd like to see it before we talk about anything.

Shriyansh
Furviou · furviou.com","Hi Daisy,

Most furniture businesses we work with see it in fewer people bouncing off the site and more inquiries actually coming through. Want me to put together the free demo for Lavish Event Rentals so you can judge it for yourself?

Shriyansh
Furviou · furviou.com","Hi Daisy,

Didn't want to keep filling your inbox — I'll stop here. If Lavish Event Rentals's site ever moves up the priority list, I'm happy to send that free demo whenever it's useful: https://cal.com/whoshriyansh/15min

Shriyansh
Furviou · furviou.com"
ABC Tent and Party Rental,Party equipment rental,Party equipment rental service,+1 325-793-9241,abctentparty@gmail.com,,,"Abilene, TX",4.0,21.0,abctentparty.com,no analytics/tag manager; no fb pixel; no builder detected (likely static/neglected),Medium,8.1,bad Ui,ABC Tent and Party Rental's site could be costing you bookings,"Hi there,

I came across ABC Tent and Party Rental while looking at top event rental options in Abilene — 4.0 stars, 21 reviews, clearly well-run. The website (abctentparty.com) looks like it hasn't been updated in a while though, and that's usually the first thing that makes new customers hesitate.

I'm Shriyansh, founder of Furviou — we build fast, modern sites for local businesses. I'd like to put together a free demo redesign of ABC Tent and Party Rental's homepage, no strings attached.

Want me to send it over?

Shriyansh Kumar Lohia
Founder — Furviou
furviou.com
Book a 15-min call: https://cal.com/whoshriyansh/15min","Hi there,

Just bumping this up in case it got buried. I already have a rough idea of what a cleaner homepage for ABC Tent and Party Rental could look like — happy to send the demo over first so you can judge it on its own, no pressure to reply either way.

Shriyansh
Furviou · furviou.com","Hi there,

We recently redesigned sites for a few other event rental businesses and it made a real difference in how they show up to new customers. Happy to share examples alongside the free demo for ABC Tent and Party Rental if that's useful.

15 minutes is enough to walk through it if you're open to it: https://cal.com/whoshriyansh/15min

Shriyansh
Furviou · furviou.com","Hi there,

I'll leave it here for now — if a faster, more modern site for ABC Tent and Party Rental becomes a priority later, happy to help whenever that is. You can always grab 15 minutes here: https://cal.com/whoshriyansh/15min

All the best,
Shriyansh
Furviou · furviou.com"
All Occasions Party Rental,Party equipment rental,Party equipment rental service,+1 956-618-2559,kimberly@mypartyrental.com,,,"McAllen, TX",4.6,9.0,mypartyrental.com,no analytics/tag manager; no fb pixel; no builder detected (likely static/neglected),Medium,8.1,Bad UI,a faster site for All Occasions Party Rental,"Hi there,

All Occasions Party Rental has a great reputation in McAllen (4.6 stars, 9 reviews) but the current site doesn't reflect that yet. A dated site is often the one thing quietly costing a well-reviewed business new bookings.

I'm Shriyansh, founder of Furviou. I build modern, fast websites for local event rental businesses — happy to send a free demo redesign for All Occasions Party Rental so you can see it before deciding on anything.

Open to a quick look?

Shriyansh Kumar Lohia
Founder — Furviou
furviou.com
Book a 15-min call: https://cal.com/whoshriyansh/15min","Hi there,

No worries if this slipped past — reaching out again in case it's useful. I can have a free demo homepage for All Occasions Party Rental ready in a day or two if you'd like to see it before we talk about anything.

Shriyansh
Furviou · furviou.com","Hi there,

Most event rental businesses we work with see it in fewer people bouncing off the site and more inquiries actually coming through. Want me to put together the free demo for All Occasions Party Rental so you can judge it for yourself?

Shriyansh
Furviou · furviou.com","Hi there,

Didn't want to keep filling your inbox — I'll stop here. If All Occasions Party Rental's site ever moves up the priority list, I'm happy to send that free demo whenever it's useful: https://cal.com/whoshriyansh/15min

Shriyansh
Furviou · furviou.com"
A1 Party Rentals,Party equipment rental,Party equipment rental service,+1 915-562-3395,cynthia@a1partyrentalselpaso.com,,,"El Paso, TX",3.8,39.0,a1partyrentalselpaso.com,no analytics/tag manager; no fb pixel; no builder detected (likely static/neglected),Medium,8.1,Very BAd UI and looks like side business,quick redesign idea for A1 Party Rentals,"Hi there,

I came across A1 Party Rentals while looking at top event rental options in El Paso — 3.8 stars, 39 reviews, clearly well-run. The website (a1partyrentalselpaso.com) looks like it hasn't been updated in a while though, and that's usually the first thing that makes new customers hesitate.

I'm Shriyansh, founder of Furviou — we build fast, modern sites for local businesses. I'd like to put together a free demo redesign of A1 Party Rentals's homepage, no strings attached.

Want me to send it over?

Shriyansh Kumar Lohia
Founder — Furviou
furviou.com
Book a 15-min call: https://cal.com/whoshriyansh/15min","Hi there,

Just bumping this up in case it got buried. I already have a rough idea of what a cleaner homepage for A1 Party Rentals could look like — happy to send the demo over first so you can judge it on its own, no pressure to reply either way.

Shriyansh
Furviou · furviou.com","Hi there,

We recently redesigned sites for a few other event rental businesses and it made a real difference in how they show up to new customers. Happy to share examples alongside the free demo for A1 Party Rentals if that's useful.

15 minutes is enough to walk through it if you're open to it: https://cal.com/whoshriyansh/15min

Shriyansh
Furviou · furviou.com","Hi there,

I'll leave it here for now — if a faster, more modern site for A1 Party Rentals becomes a priority later, happy to help whenever that is. You can always grab 15 minutes here: https://cal.com/whoshriyansh/15min

All the best,
Shriyansh
Furviou · furviou.com"
Special Event Rental,Party equipment rental,Tent rental service,+1 254-900-1491,stephen@sertent.com,,,"Hewitt, TX",5.0,8.0,sertent.com,no analytics/tag manager; no fb pixel; no builder detected (likely static/neglected),Medium,8.0,Domain is expired and can be reintiated,Special Event Rental's site could be costing you bookings,"Hi there,

Special Event Rental has a great reputation in Hewitt (5.0 stars, 8 reviews) but the current site doesn't reflect that yet. A dated site is often the one thing quietly costing a well-reviewed business new bookings.

I'm Shriyansh, founder of Furviou. I build modern, fast websites for local event rental businesses — happy to send a free demo redesign for Special Event Rental so you can see it before deciding on anything.

Open to a quick look?

Shriyansh Kumar Lohia
Founder — Furviou
furviou.com
Book a 15-min call: https://cal.com/whoshriyansh/15min","Hi there,

No worries if this slipped past — reaching out again in case it's useful. I can have a free demo homepage for Special Event Rental ready in a day or two if you'd like to see it before we talk about anything.

Shriyansh
Furviou · furviou.com","Hi there,

Most event rental businesses we work with see it in fewer people bouncing off the site and more inquiries actually coming through. Want me to put together the free demo for Special Event Rental so you can judge it for yourself?

Shriyansh
Furviou · furviou.com","Hi there,

Didn't want to keep filling your inbox — I'll stop here. If Special Event Rental's site ever moves up the priority list, I'm happy to send that free demo whenever it's useful: https://cal.com/whoshriyansh/15min

Shriyansh
Furviou · furviou.com"
Lubbock Event Rentals,Party equipment rental,Party equipment rental service,+1 806-641-1740,info@lubbockeventrentals.com,,,"Lubbock, TX",4.7,366.0,lubbockeventrentals.com,no analytics/tag manager; no fb pixel,Medium,8.0,,a faster site for Lubbock Event Rentals,"Hi there,

I came across Lubbock Event Rentals while looking at top event rental options in Lubbock — 4.7 stars, 366 reviews, clearly well-run. The website (lubbockeventrentals.com) looks like it hasn't been updated in a while though, and that's usually the first thing that makes new customers hesitate.

I'm Shriyansh, founder of Furviou — we build fast, modern sites for local businesses. I'd like to put together a free demo redesign of Lubbock Event Rentals's homepage, no strings attached.

Want me to send it over?

Shriyansh Kumar Lohia
Founder — Furviou
furviou.com
Book a 15-min call: https://cal.com/whoshriyansh/15min","Hi there,

Just bumping this up in case it got buried. I already have a rough idea of what a cleaner homepage for Lubbock Event Rentals could look like — happy to send the demo over first so you can judge it on its own, no pressure to reply either way.

Shriyansh
Furviou · furviou.com","Hi there,

We recently redesigned sites for a few other event rental businesses and it made a real difference in how they show up to new customers. Happy to share examples alongside the free demo for Lubbock Event Rentals if that's useful.

15 minutes is enough to walk through it if you're open to it: https://cal.com/whoshriyansh/15min

Shriyansh
Furviou · furviou.com","Hi there,

I'll leave it here for now — if a faster, more modern site for Lubbock Event Rentals becomes a priority later, happy to help whenever that is. You can always grab 15 minutes here: https://cal.com/whoshriyansh/15min

All the best,
Shriyansh
Furviou · furviou.com"
Houston Furniture Rental and Sales,Party equipment rental,Furniture rental service,+1 713-983-0833,david@houstonfurniturerentals.com,David Steadman,president,"Houston, TX",4.9,230.0,houstonfurniturerentals.com,no analytics/tag manager; no fb pixel,Medium,8.0,No optio for catalopuge and I can give a quick website,quick redesign idea for Houston Furniture Rental and Sales,"Hi David,

Houston Furniture Rental and Sales has a great reputation in Houston (4.9 stars, 230 reviews) but the current site doesn't reflect that yet. A dated site is often the one thing quietly costing a well-reviewed business new bookings.

I'm Shriyansh, founder of Furviou. I build modern, fast websites for local furniture businesses — happy to send a free demo redesign for Houston Furniture Rental and Sales so you can see it before deciding on anything.

Open to a quick look?

Shriyansh Kumar Lohia
Founder — Furviou
furviou.com
Book a 15-min call: https://cal.com/whoshriyansh/15min","Hi David,

No worries if this slipped past — reaching out again in case it's useful. I can have a free demo homepage for Houston Furniture Rental and Sales ready in a day or two if you'd like to see it before we talk about anything.

Shriyansh
Furviou · furviou.com","Hi David,

Most furniture businesses we work with see it in fewer people bouncing off the site and more inquiries actually coming through. Want me to put together the free demo for Houston Furniture Rental and Sales so you can judge it for yourself?

Shriyansh
Furviou · furviou.com","Hi David,

Didn't want to keep filling your inbox — I'll stop here. If Houston Furniture Rental and Sales's site ever moves up the priority list, I'm happy to send that free demo whenever it's useful: https://cal.com/whoshriyansh/15min

Shriyansh
Furviou · furviou.com"
Afford-a-Bounce,Party equipment rental,Party equipment rental service,+1 214-396-9000,liao2000@yahoo.com,Justin Liao,secretary,"DeSoto, TX",4.8,113.0,affordabounce.com,no analytics/tag manager; no fb pixel,Medium,8.0,,Afford-a-Bounce's site could be costing you bookings,"Hi Justin,

I came across Afford-a-Bounce while looking at top event rental options in DeSoto — 4.8 stars, 113 reviews, clearly well-run. The website (affordabounce.com) looks like it hasn't been updated in a while though, and that's usually the first thing that makes new customers hesitate.

I'm Shriyansh, founder of Furviou — we build fast, modern sites for local businesses. I'd like to put together a free demo redesign of Afford-a-Bounce's homepage, no strings attached.

Want me to send it over?

Shriyansh Kumar Lohia
Founder — Furviou
furviou.com
Book a 15-min call: https://cal.com/whoshriyansh/15min","Hi Justin,

Just bumping this up in case it got buried. I already have a rough idea of what a cleaner homepage for Afford-a-Bounce could look like — happy to send the demo over first so you can judge it on its own, no pressure to reply either way.

Shriyansh
Furviou · furviou.com","Hi Justin,

We recently redesigned sites for a few other event rental businesses and it made a real difference in how they show up to new customers. Happy to share examples alongside the free demo for Afford-a-Bounce if that's useful.

15 minutes is enough to walk through it if you're open to it: https://cal.com/whoshriyansh/15min

Shriyansh
Furviou · furviou.com","Hi Justin,

I'll leave it here for now — if a faster, more modern site for Afford-a-Bounce becomes a priority later, happy to help whenever that is. You can always grab 15 minutes here: https://cal.com/whoshriyansh/15min

All the best,
Shriyansh
Furviou · furviou.com"
Sussex County Rental Center,Party equipment rental,Party equipment rental service,+1 973-786-7700,mike@uhaul.com,Mike Naomi,other,"Andover, NJ",4.5,122.0,sussexcountyrental.com,no fb pixel; no builder detected (likely static/neglected),Medium,8.0,BAD UI and very late loading time,a faster site for Sussex County Rental Center,"Hi Mike,

Sussex County Rental Center has a great reputation in Andover (4.5 stars, 122 reviews) but the current site doesn't reflect that yet. A dated site is often the one thing quietly costing a well-reviewed business new bookings.

I'm Shriyansh, founder of Furviou. I build modern, fast websites for local event rental businesses — happy to send a free demo redesign for Sussex County Rental Center so you can see it before deciding on anything.

Open to a quick look?

Shriyansh Kumar Lohia
Founder — Furviou
furviou.com
Book a 15-min call: https://cal.com/whoshriyansh/15min","Hi Mike,

No worries if this slipped past — reaching out again in case it's useful. I can have a free demo homepage for Sussex County Rental Center ready in a day or two if you'd like to see it before we talk about anything.

Shriyansh
Furviou · furviou.com","Hi Mike,

Most event rental businesses we work with see it in fewer people bouncing off the site and more inquiries actually coming through. Want me to put together the free demo for Sussex County Rental Center so you can judge it for yourself?

Shriyansh
Furviou · furviou.com","Hi Mike,

Didn't want to keep filling your inbox — I'll stop here. If Sussex County Rental Center's site ever moves up the priority list, I'm happy to send that free demo whenever it's useful: https://cal.com/whoshriyansh/15min

Shriyansh
Furviou · furviou.com"
All Texas Party Rentals,Party equipment rental,Party equipment rental service,+1 210-934-0405,customersupport@alltexasservices.com,,,"San Antonio, TX",5.0,727.0,alltexaspartyrentals.com,no analytics/tag manager; no fb pixel,Medium,8.0,BAD UI and n ot mobile responive,quick redesign idea for All Texas Party Rentals,"Hi there,

I came across All Texas Party Rentals while looking at top event rental options in San Antonio — 5.0 stars, 727 reviews, clearly well-run. The website (alltexaspartyrentals.com) looks like it hasn't been updated in a while though, and that's usually the first thing that makes new customers hesitate.

I'm Shriyansh, founder of Furviou — we build fast, modern sites for local businesses. I'd like to put together a free demo redesign of All Texas Party Rentals's homepage, no strings attached.

Want me to send it over?

Shriyansh Kumar Lohia
Founder — Furviou
furviou.com
Book a 15-min call: https://cal.com/whoshriyansh/15min","Hi there,

Just bumping this up in case it got buried. I already have a rough idea of what a cleaner homepage for All Texas Party Rentals could look like — happy to send the demo over first so you can judge it on its own, no pressure to reply either way.

Shriyansh
Furviou · furviou.com","Hi there,

We recently redesigned sites for a few other event rental businesses and it made a real difference in how they show up to new customers. Happy to share examples alongside the free demo for All Texas Party Rentals if that's useful.

15 minutes is enough to walk through it if you're open to it: https://cal.com/whoshriyansh/15min

Shriyansh
Furviou · furviou.com","Hi there,

I'll leave it here for now — if a faster, more modern site for All Texas Party Rentals becomes a priority later, happy to help whenever that is. You can always grab 15 minutes here: https://cal.com/whoshriyansh/15min

All the best,
Shriyansh
Furviou · furviou.com"
Twin Unicorns Party | Bounce House Rentals,Party equipment rental,Party equipment rental service,+1 469-727-2022,twinunicornsparty@gmail.com,,,"Greenville, TX",5.0,88.0,twinunicornsparty.com,no analytics/tag manager; no fb pixel,Medium,8.0,BAD UI,Twin Unicorns Party | Bounce House Rentals's site could be costing you bookings,"Hi there,

Twin Unicorns Party | Bounce House Rentals has a great reputation in Greenville (5.0 stars, 88 reviews) but the current site doesn't reflect that yet. A dated site is often the one thing quietly costing a well-reviewed business new bookings.

I'm Shriyansh, founder of Furviou. I build modern, fast websites for local event rental businesses — happy to send a free demo redesign for Twin Unicorns Party | Bounce House Rentals so you can see it before deciding on anything.

Open to a quick look?

Shriyansh Kumar Lohia
Founder — Furviou
furviou.com
Book a 15-min call: https://cal.com/whoshriyansh/15min","Hi there,

No worries if this slipped past — reaching out again in case it's useful. I can have a free demo homepage for Twin Unicorns Party | Bounce House Rentals ready in a day or two if you'd like to see it before we talk about anything.

Shriyansh
Furviou · furviou.com","Hi there,

Most event rental businesses we work with see it in fewer people bouncing off the site and more inquiries actually coming through. Want me to put together the free demo for Twin Unicorns Party | Bounce House Rentals so you can judge it for yourself?

Shriyansh
Furviou · furviou.com","Hi there,

Didn't want to keep filling your inbox — I'll stop here. If Twin Unicorns Party | Bounce House Rentals's site ever moves up the priority list, I'm happy to send that free demo whenever it's useful: https://cal.com/whoshriyansh/15min

Shriyansh
Furviou · furviou.com"
DFW Main Attractions,Party equipment rental,Party equipment rental service,+1 469-688-3410,contact@dfwmainattractions.com,,,"Lewisville, TX",4.8,89.0,dfwmainattractions.com,no analytics/tag manager; no fb pixel,Medium,8.0,BAD UI,a faster site for DFW Main Attractions,"Hi there,

I came across DFW Main Attractions while looking at top event rental options in Lewisville — 4.8 stars, 89 reviews, clearly well-run. The website (dfwmainattractions.com) looks like it hasn't been updated in a while though, and that's usually the first thing that makes new customers hesitate.

I'm Shriyansh, founder of Furviou — we build fast, modern sites for local businesses. I'd like to put together a free demo redesign of DFW Main Attractions's homepage, no strings attached.

Want me to send it over?

Shriyansh Kumar Lohia
Founder — Furviou
furviou.com
Book a 15-min call: https://cal.com/whoshriyansh/15min","Hi there,

Just bumping this up in case it got buried. I already have a rough idea of what a cleaner homepage for DFW Main Attractions could look like — happy to send the demo over first so you can judge it on its own, no pressure to reply either way.

Shriyansh
Furviou · furviou.com","Hi there,

We recently redesigned sites for a few other event rental businesses and it made a real difference in how they show up to new customers. Happy to share examples alongside the free demo for DFW Main Attractions if that's useful.

15 minutes is enough to walk through it if you're open to it: https://cal.com/whoshriyansh/15min

Shriyansh
Furviou · furviou.com","Hi there,

I'll leave it here for now — if a faster, more modern site for DFW Main Attractions becomes a priority later, happy to help whenever that is. You can always grab 15 minutes here: https://cal.com/whoshriyansh/15min

All the best,
Shriyansh
Furviou · furviou.com"
Party Time Rental and Events,Party equipment rental,Party equipment rental service,+1 501-224-3133,kristiimbro@gmail.com,Kristi Imbro,event coordinator and business manager,"Little Rock, AR",4.8,231.0,partytimerentalandevents.com,no analytics/tag manager; no fb pixel,Medium,8.0,BAD Ui and not way to get online quate,quick redesign idea for Party Time Rental and Events,"Hi Kristi,

Party Time Rental and Events has a great reputation in Little Rock (4.8 stars, 231 reviews) but the current site doesn't reflect that yet. A dated site is often the one thing quietly costing a well-reviewed business new bookings.

I'm Shriyansh, founder of Furviou. I build modern, fast websites for local event rental businesses — happy to send a free demo redesign for Party Time Rental and Events so you can see it before deciding on anything.

Open to a quick look?

Shriyansh Kumar Lohia
Founder — Furviou
furviou.com
Book a 15-min call: https://cal.com/whoshriyansh/15min","Hi Kristi,

No worries if this slipped past — reaching out again in case it's useful. I can have a free demo homepage for Party Time Rental and Events ready in a day or two if you'd like to see it before we talk about anything.

Shriyansh
Furviou · furviou.com","Hi Kristi,

Most event rental businesses we work with see it in fewer people bouncing off the site and more inquiries actually coming through. Want me to put together the free demo for Party Time Rental and Events so you can judge it for yourself?

Shriyansh
Furviou · furviou.com","Hi Kristi,

Didn't want to keep filling your inbox — I'll stop here. If Party Time Rental and Events's site ever moves up the priority list, I'm happy to send that free demo whenever it's useful: https://cal.com/whoshriyansh/15min

Shriyansh
Furviou · furviou.com"
Special Event Services Inc.,Party equipment rental,Party equipment rental service,+1 386-760-6111,tim@iamevents.com,Tim Stamper,president,"Port Orange, FL",4.8,83.0,iamevents.com,no analytics/tag manager; no fb pixel,Medium,8.0,BAd UI,Special Event Services Inc.'s site could be costing you bookings,"Hi Tim,

I came across Special Event Services Inc. while looking at top event rental options in Port Orange — 4.8 stars, 83 reviews, clearly well-run. The website (iamevents.com) looks like it hasn't been updated in a while though, and that's usually the first thing that makes new customers hesitate.

I'm Shriyansh, founder of Furviou — we build fast, modern sites for local businesses. I'd like to put together a free demo redesign of Special Event Services Inc.'s homepage, no strings attached.

Want me to send it over?

Shriyansh Kumar Lohia
Founder — Furviou
furviou.com
Book a 15-min call: https://cal.com/whoshriyansh/15min","Hi Tim,

Just bumping this up in case it got buried. I already have a rough idea of what a cleaner homepage for Special Event Services Inc. could look like — happy to send the demo over first so you can judge it on its own, no pressure to reply either way.

Shriyansh
Furviou · furviou.com","Hi Tim,

We recently redesigned sites for a few other event rental businesses and it made a real difference in how they show up to new customers. Happy to share examples alongside the free demo for Special Event Services Inc. if that's useful.

15 minutes is enough to walk through it if you're open to it: https://cal.com/whoshriyansh/15min

Shriyansh
Furviou · furviou.com","Hi Tim,

I'll leave it here for now — if a faster, more modern site for Special Event Services Inc. becomes a priority later, happy to help whenever that is. You can always grab 15 minutes here: https://cal.com/whoshriyansh/15min

All the best,
Shriyansh
Furviou · furviou.com"
Playground Bounce House rentals,Party equipment rental,Party equipment rental service,+1 850-830-0333,scott@playgroundbounce.com,,,"Navarre, FL",5.0,127.0,playgroundbouncehouse.com,no analytics/tag manager; no fb pixel,Medium,8.0,BAd UI,a faster site for Playground Bounce House rentals,"Hi there,

Playground Bounce House rentals has a great reputation in Navarre (5.0 stars, 127 reviews) but the current site doesn't reflect that yet. A dated site is often the one thing quietly costing a well-reviewed business new bookings.

I'm Shriyansh, founder of Furviou. I build modern, fast websites for local event rental businesses — happy to send a free demo redesign for Playground Bounce House rentals so you can see it before deciding on anything.

Open to a quick look?

Shriyansh Kumar Lohia
Founder — Furviou
furviou.com
Book a 15-min call: https://cal.com/whoshriyansh/15min","Hi there,

No worries if this slipped past — reaching out again in case it's useful. I can have a free demo homepage for Playground Bounce House rentals ready in a day or two if you'd like to see it before we talk about anything.

Shriyansh
Furviou · furviou.com","Hi there,

Most event rental businesses we work with see it in fewer people bouncing off the site and more inquiries actually coming through. Want me to put together the free demo for Playground Bounce House rentals so you can judge it for yourself?

Shriyansh
Furviou · furviou.com","Hi there,

Didn't want to keep filling your inbox — I'll stop here. If Playground Bounce House rentals's site ever moves up the priority list, I'm happy to send that free demo whenever it's useful: https://cal.com/whoshriyansh/15min

Shriyansh
Furviou · furviou.com"
A-1 Wedding & Event Rentals,Party equipment rental,Wedding service,+1 903-463-7709,a1containers4u@aol.com,,,"Denison, TX",4.6,87.0,a1wedding.com,no analytics/tag manager; no fb pixel,Medium,8.0,Bad UI,quick redesign idea for A-1 Wedding & Event Rentals,"Hi there,

I came across A-1 Wedding & Event Rentals while looking at top event rental options in Denison — 4.6 stars, 87 reviews, clearly well-run. The website (a1wedding.com) looks like it hasn't been updated in a while though, and that's usually the first thing that makes new customers hesitate.

I'm Shriyansh, founder of Furviou — we build fast, modern sites for local businesses. I'd like to put together a free demo redesign of A-1 Wedding & Event Rentals's homepage, no strings attached.

Want me to send it over?

Shriyansh Kumar Lohia
Founder — Furviou
furviou.com
Book a 15-min call: https://cal.com/whoshriyansh/15min","Hi there,

Just bumping this up in case it got buried. I already have a rough idea of what a cleaner homepage for A-1 Wedding & Event Rentals could look like — happy to send the demo over first so you can judge it on its own, no pressure to reply either way.

Shriyansh
Furviou · furviou.com","Hi there,

We recently redesigned sites for a few other event rental businesses and it made a real difference in how they show up to new customers. Happy to share examples alongside the free demo for A-1 Wedding & Event Rentals if that's useful.

15 minutes is enough to walk through it if you're open to it: https://cal.com/whoshriyansh/15min

Shriyansh
Furviou · furviou.com","Hi there,

I'll leave it here for now — if a faster, more modern site for A-1 Wedding & Event Rentals becomes a priority later, happy to help whenever that is. You can always grab 15 minutes here: https://cal.com/whoshriyansh/15min

All the best,
Shriyansh
Furviou · furviou.com"
Elle Event Rentals,Party equipment rental,Party equipment rental service,+1 832-574-3497,sales@elleeventrentals.com,,,"Houston, TX",4.9,76.0,elleeventrentals.com,no analytics/tag manager; no fb pixel,Medium,8.0,Bad UI,Elle Event Rentals's site could be costing you bookings,"Hi there,

Elle Event Rentals has a great reputation in Houston (4.9 stars, 76 reviews) but the current site doesn't reflect that yet. A dated site is often the one thing quietly costing a well-reviewed business new bookings.

I'm Shriyansh, founder of Furviou. I build modern, fast websites for local event rental businesses — happy to send a free demo redesign for Elle Event Rentals so you can see it before deciding on anything.

Open to a quick look?

Shriyansh Kumar Lohia
Founder — Furviou
furviou.com
Book a 15-min call: https://cal.com/whoshriyansh/15min","Hi there,

No worries if this slipped past — reaching out again in case it's useful. I can have a free demo homepage for Elle Event Rentals ready in a day or two if you'd like to see it before we talk about anything.

Shriyansh
Furviou · furviou.com","Hi there,

Most event rental businesses we work with see it in fewer people bouncing off the site and more inquiries actually coming through. Want me to put together the free demo for Elle Event Rentals so you can judge it for yourself?

Shriyansh
Furviou · furviou.com","Hi there,

Didn't want to keep filling your inbox — I'll stop here. If Elle Event Rentals's site ever moves up the priority list, I'm happy to send that free demo whenever it's useful: https://cal.com/whoshriyansh/15min

Shriyansh
Furviou · furviou.com"
Tents of NW Florida Inc,Party equipment rental,Party equipment rental service,+1 850-939-3813,tentsofnwflorida@yahoo.com,,,"Fort Walton Beach, FL",5.0,7.0,tentsofnwflorida.com,no analytics/tag manager; no fb pixel; no builder detected (likely static/neglected),Medium,7.9,bad UI,a faster site for Tents of NW Florida Inc,"Hi there,

I came across Tents of NW Florida Inc while looking at top event rental options in Fort Walton Beach — 5.0 stars, 7 reviews, clearly well-run. The website (tentsofnwflorida.com) looks like it hasn't been updated in a while though, and that's usually the first thing that makes new customers hesitate.

I'm Shriyansh, founder of Furviou — we build fast, modern sites for local businesses. I'd like to put together a free demo redesign of Tents of NW Florida Inc's homepage, no strings attached.

Want me to send it over?

Shriyansh Kumar Lohia
Founder — Furviou
furviou.com
Book a 15-min call: https://cal.com/whoshriyansh/15min","Hi there,

Just bumping this up in case it got buried. I already have a rough idea of what a cleaner homepage for Tents of NW Florida Inc could look like — happy to send the demo over first so you can judge it on its own, no pressure to reply either way.

Shriyansh
Furviou · furviou.com","Hi there,

We recently redesigned sites for a few other event rental businesses and it made a real difference in how they show up to new customers. Happy to share examples alongside the free demo for Tents of NW Florida Inc if that's useful.

15 minutes is enough to walk through it if you're open to it: https://cal.com/whoshriyansh/15min

Shriyansh
Furviou · furviou.com","Hi there,

I'll leave it here for now — if a faster, more modern site for Tents of NW Florida Inc becomes a priority later, happy to help whenever that is. You can always grab 15 minutes here: https://cal.com/whoshriyansh/15min

All the best,
Shriyansh
Furviou · furviou.com"
Lawson Event Rentals,Party equipment rental,Party equipment rental service,+1 972-803-5113,cassy@lawsoneventrentals.com,Cassy Lawson,chief executive officer,"Richardson, TX",4.5,55.0,lawsoneventrentals.com,no analytics/tag manager; no fb pixel,Medium,7.8,,quick redesign idea for Lawson Event Rentals,"Hi Cassy,

Lawson Event Rentals has a great reputation in Richardson (4.5 stars, 55 reviews) but the current site doesn't reflect that yet. A dated site is often the one thing quietly costing a well-reviewed business new bookings.

I'm Shriyansh, founder of Furviou. I build modern, fast websites for local event rental businesses — happy to send a free demo redesign for Lawson Event Rentals so you can see it before deciding on anything.

Open to a quick look?

Shriyansh Kumar Lohia
Founder — Furviou
furviou.com
Book a 15-min call: https://cal.com/whoshriyansh/15min","Hi Cassy,

No worries if this slipped past — reaching out again in case it's useful. I can have a free demo homepage for Lawson Event Rentals ready in a day or two if you'd like to see it before we talk about anything.

Shriyansh
Furviou · furviou.com","Hi Cassy,

Most event rental businesses we work with see it in fewer people bouncing off the site and more inquiries actually coming through. Want me to put together the free demo for Lawson Event Rentals so you can judge it for yourself?

Shriyansh
Furviou · furviou.com","Hi Cassy,

Didn't want to keep filling your inbox — I'll stop here. If Lawson Event Rentals's site ever moves up the priority list, I'm happy to send that free demo whenever it's useful: https://cal.com/whoshriyansh/15min

Shriyansh
Furviou · furviou.com"
Jay R Event Rentals,Party equipment rental,Party equipment rental service,+1 469-793-9078,jake@jayreventrentals.com,,,"McKinney, TX",5.0,54.0,jayreventrentals.com,no analytics/tag manager; no fb pixel,Medium,7.8,BAD UI,Jay R Event Rentals's site could be costing you bookings,"Hi there,

I came across Jay R Event Rentals while looking at top event rental options in McKinney — 5.0 stars, 54 reviews, clearly well-run. The website (jayreventrentals.com) looks like it hasn't been updated in a while though, and that's usually the first thing that makes new customers hesitate.

I'm Shriyansh, founder of Furviou — we build fast, modern sites for local businesses. I'd like to put together a free demo redesign of Jay R Event Rentals's homepage, no strings attached.

Want me to send it over?

Shriyansh Kumar Lohia
Founder — Furviou
furviou.com
Book a 15-min call: https://cal.com/whoshriyansh/15min","Hi there,

Just bumping this up in case it got buried. I already have a rough idea of what a cleaner homepage for Jay R Event Rentals could look like — happy to send the demo over first so you can judge it on its own, no pressure to reply either way.

Shriyansh
Furviou · furviou.com","Hi there,

We recently redesigned sites for a few other event rental businesses and it made a real difference in how they show up to new customers. Happy to share examples alongside the free demo for Jay R Event Rentals if that's useful.

15 minutes is enough to walk through it if you're open to it: https://cal.com/whoshriyansh/15min

Shriyansh
Furviou · furviou.com","Hi there,

I'll leave it here for now — if a faster, more modern site for Jay R Event Rentals becomes a priority later, happy to help whenever that is. You can always grab 15 minutes here: https://cal.com/whoshriyansh/15min

All the best,
Shriyansh
Furviou · furviou.com"
MIX,Furniture wholesaler,Furniture wholesaler,,customercare@mixhomefurniture.com,,,"Fort Lauderdale, FL",5.0,54.0,mixhomefurniture.com,no analytics/tag manager; no fb pixel,Medium,7.8,,a faster site for MIX,"Hi there,

MIX has a great reputation in Fort Lauderdale (5.0 stars, 54 reviews) but the current site doesn't reflect that yet. A dated site is often the one thing quietly costing a well-reviewed business new bookings.

I'm Shriyansh, founder of Furviou. I build modern, fast websites for local furniture businesses — happy to send a free demo redesign for MIX so you can see it before deciding on anything.

Open to a quick look?

Shriyansh Kumar Lohia
Founder — Furviou
furviou.com
Book a 15-min call: https://cal.com/whoshriyansh/15min","Hi there,

No worries if this slipped past — reaching out again in case it's useful. I can have a free demo homepage for MIX ready in a day or two if you'd like to see it before we talk about anything.

Shriyansh
Furviou · furviou.com","Hi there,

Most furniture businesses we work with see it in fewer people bouncing off the site and more inquiries actually coming through. Want me to put together the free demo for MIX so you can judge it for yourself?

Shriyansh
Furviou · furviou.com","Hi there,

Didn't want to keep filling your inbox — I'll stop here. If MIX's site ever moves up the priority list, I'm happy to send that free demo whenever it's useful: https://cal.com/whoshriyansh/15min

Shriyansh
Furviou · furviou.com"
DellO's Party Rentals,Party equipment rental,Party equipment rental service,+1 469-870-9115,dellospartyrentals@gmail.com,,,"DeSoto, TX",5.0,5.0,dellospartyrentals.com,no analytics/tag manager; no fb pixel; DIY builder (Wix.com Website Builder),Medium,7.7,BAD UI,a faster site for DellO's Party Rentals,"Hi there,

Noticed DellO's Party Rentals's current site (dellospartyrentals.com) is still on a Wix template. With 5 reviews and a 5.0-star rating, DellO's Party Rentals has outgrown what a template can show off.

I'm Shriyansh, founder of Furviou — we build custom sites for event rental businesses that actually load fast and convert. I can mock up a free demo of a redesigned homepage for DellO's Party Rentals so you can compare it side by side.

Want me to send it over?

Shriyansh Kumar Lohia
Founder — Furviou
furviou.com
Book a 15-min call: https://cal.com/whoshriyansh/15min","Hi there,

Just bumping this up in case it got buried. I already have a rough idea of what a cleaner homepage for DellO's Party Rentals could look like — happy to send the demo over first so you can judge it on its own, no pressure to reply either way.

Shriyansh
Furviou · furviou.com","Hi there,

We recently redesigned sites for a few other event rental businesses and it made a real difference in how they show up to new customers. Happy to share examples alongside the free demo for DellO's Party Rentals if that's useful.

15 minutes is enough to walk through it if you're open to it: https://cal.com/whoshriyansh/15min

Shriyansh
Furviou · furviou.com","Hi there,

I'll leave it here for now — if a faster, more modern site for DellO's Party Rentals becomes a priority later, happy to help whenever that is. You can always grab 15 minutes here: https://cal.com/whoshriyansh/15min

All the best,
Shriyansh
Furviou · furviou.com"
Top Tier Event Rentals,Party equipment rental,Party equipment rental service,+1 214-819-4556,whitecollarthemes@gmail.com,,,"Dallas, TX",4.6,50.0,top-tier.co,no analytics/tag manager; no fb pixel,Medium,7.7,BAD UI,Top Tier Event Rentals's site could be costing you bookings,"Hi there,

Top Tier Event Rentals has a great reputation in Dallas (4.6 stars, 50 reviews) but the current site doesn't reflect that yet. A dated site is often the one thing quietly costing a well-reviewed business new bookings.

I'm Shriyansh, founder of Furviou. I build modern, fast websites for local event rental businesses — happy to send a free demo redesign for Top Tier Event Rentals so you can see it before deciding on anything.

Open to a quick look?

Shriyansh Kumar Lohia
Founder — Furviou
furviou.com
Book a 15-min call: https://cal.com/whoshriyansh/15min","Hi there,

No worries if this slipped past — reaching out again in case it's useful. I can have a free demo homepage for Top Tier Event Rentals ready in a day or two if you'd like to see it before we talk about anything.

Shriyansh
Furviou · furviou.com","Hi there,

Most event rental businesses we work with see it in fewer people bouncing off the site and more inquiries actually coming through. Want me to put together the free demo for Top Tier Event Rentals so you can judge it for yourself?

Shriyansh
Furviou · furviou.com","Hi there,

Didn't want to keep filling your inbox — I'll stop here. If Top Tier Event Rentals's site ever moves up the priority list, I'm happy to send that free demo whenever it's useful: https://cal.com/whoshriyansh/15min

Shriyansh
Furviou · furviou.com"
Posh Couture Rentals,Party equipment rental,Party equipment rental service,+1 972-818-3200,laurel@poshcouturerentals.com,Laurel Howell,owner/partner,"Dallas, TX",4.8,48.0,poshcouturerentals.com,no analytics/tag manager; no fb pixel,Medium,7.7,BAD UI,a faster site for Posh Couture Rentals,"Hi Laurel,

I came across Posh Couture Rentals while looking at top event rental options in Dallas — 4.8 stars, 48 reviews, clearly well-run. The website (poshcouturerentals.com) looks like it hasn't been updated in a while though, and that's usually the first thing that makes new customers hesitate.

I'm Shriyansh, founder of Furviou — we build fast, modern sites for local businesses. I'd like to put together a free demo redesign of Posh Couture Rentals's homepage, no strings attached.

Want me to send it over?

Shriyansh Kumar Lohia
Founder — Furviou
furviou.com
Book a 15-min call: https://cal.com/whoshriyansh/15min","Hi Laurel,

Just bumping this up in case it got buried. I already have a rough idea of what a cleaner homepage for Posh Couture Rentals could look like — happy to send the demo over first so you can judge it on its own, no pressure to reply either way.

Shriyansh
Furviou · furviou.com","Hi Laurel,

We recently redesigned sites for a few other event rental businesses and it made a real difference in how they show up to new customers. Happy to share examples alongside the free demo for Posh Couture Rentals if that's useful.

15 minutes is enough to walk through it if you're open to it: https://cal.com/whoshriyansh/15min

Shriyansh
Furviou · furviou.com","Hi Laurel,

I'll leave it here for now — if a faster, more modern site for Posh Couture Rentals becomes a priority later, happy to help whenever that is. You can always grab 15 minutes here: https://cal.com/whoshriyansh/15min

All the best,
Shriyansh
Furviou · furviou.com"
Party Ready Rentals,Party equipment rental,Party equipment rental service,+1 361-673-6689,partyreadyrentals@gmail.com,,,"Corpus Christi, TX",4.6,47.0,partyreadyrentals.com,no analytics/tag manager; no fb pixel,Medium,7.7,BAD UI,quick redesign idea for Party Ready Rentals,"Hi there,

Party Ready Rentals has a great reputation in Corpus Christi (4.6 stars, 47 reviews) but the current site doesn't reflect that yet. A dated site is often the one thing quietly costing a well-reviewed business new bookings.

I'm Shriyansh, founder of Furviou. I build modern, fast websites for local event rental businesses — happy to send a free demo redesign for Party Ready Rentals so you can see it before deciding on anything.

Open to a quick look?

Shriyansh Kumar Lohia
Founder — Furviou
furviou.com
Book a 15-min call: https://cal.com/whoshriyansh/15min","Hi there,

No worries if this slipped past — reaching out again in case it's useful. I can have a free demo homepage for Party Ready Rentals ready in a day or two if you'd like to see it before we talk about anything.

Shriyansh
Furviou · furviou.com","Hi there,

Most event rental businesses we work with see it in fewer people bouncing off the site and more inquiries actually coming through. Want me to put together the free demo for Party Ready Rentals so you can judge it for yourself?

Shriyansh
Furviou · furviou.com","Hi there,

Didn't want to keep filling your inbox — I'll stop here. If Party Ready Rentals's site ever moves up the priority list, I'm happy to send that free demo whenever it's useful: https://cal.com/whoshriyansh/15min

Shriyansh
Furviou · furviou.com"
Pro Star Rental of Waxahachie,Party equipment rental,Equipment rental agency,+1 972-937-7368,creditapp@prostarrental.com,,,"Waxahachie, TX",4.2,77.0,prostarrental.com,no fb pixel; no builder detected (likely static/neglected),Medium,7.5,,Pro Star Rental of Waxahachie's site could be costing you bookings,"Hi there,

I came across Pro Star Rental of Waxahachie while looking at top event rental options in Waxahachie — 4.2 stars, 77 reviews, clearly well-run. The website (prostarrental.com) looks like it hasn't been updated in a while though, and that's usually the first thing that makes new customers hesitate.

I'm Shriyansh, founder of Furviou — we build fast, modern sites for local businesses. I'd like to put together a free demo redesign of Pro Star Rental of Waxahachie's homepage, no strings attached.

Want me to send it over?

Shriyansh Kumar Lohia
Founder — Furviou
furviou.com
Book a 15-min call: https://cal.com/whoshriyansh/15min","Hi there,

Just bumping this up in case it got buried. I already have a rough idea of what a cleaner homepage for Pro Star Rental of Waxahachie could look like — happy to send the demo over first so you can judge it on its own, no pressure to reply either way.

Shriyansh
Furviou · furviou.com","Hi there,

We recently redesigned sites for a few other event rental businesses and it made a real difference in how they show up to new customers. Happy to share examples alongside the free demo for Pro Star Rental of Waxahachie if that's useful.

15 minutes is enough to walk through it if you're open to it: https://cal.com/whoshriyansh/15min

Shriyansh
Furviou · furviou.com","Hi there,

I'll leave it here for now — if a faster, more modern site for Pro Star Rental of Waxahachie becomes a priority later, happy to help whenever that is. You can always grab 15 minutes here: https://cal.com/whoshriyansh/15min

All the best,
Shriyansh
Furviou · furviou.com"
Avalon Event Rentals,Party equipment rental,Party equipment rental service,+1 713-974-3646,melanie@avaloneventrentals.com,Melanie Heinen,owner,"Houston, TX",4.3,74.0,avaloneventrentals.com,no analytics/tag manager; no fb pixel,Medium,7.5,,a faster site for Avalon Event Rentals,"Hi Melanie,

Avalon Event Rentals has a great reputation in Houston (4.3 stars, 74 reviews) but the current site doesn't reflect that yet. A dated site is often the one thing quietly costing a well-reviewed business new bookings.

I'm Shriyansh, founder of Furviou. I build modern, fast websites for local event rental businesses — happy to send a free demo redesign for Avalon Event Rentals so you can see it before deciding on anything.

Open to a quick look?

Shriyansh Kumar Lohia
Founder — Furviou
furviou.com
Book a 15-min call: https://cal.com/whoshriyansh/15min","Hi Melanie,

No worries if this slipped past — reaching out again in case it's useful. I can have a free demo homepage for Avalon Event Rentals ready in a day or two if you'd like to see it before we talk about anything.

Shriyansh
Furviou · furviou.com","Hi Melanie,

Most event rental businesses we work with see it in fewer people bouncing off the site and more inquiries actually coming through. Want me to put together the free demo for Avalon Event Rentals so you can judge it for yourself?

Shriyansh
Furviou · furviou.com","Hi Melanie,

Didn't want to keep filling your inbox — I'll stop here. If Avalon Event Rentals's site ever moves up the priority list, I'm happy to send that free demo whenever it's useful: https://cal.com/whoshriyansh/15min

Shriyansh
Furviou · furviou.com"
"Happy Party Rental | Table and Chair Rentals, Tents & Dance Floors In Miami",Party equipment rental,Party equipment rental service,+1 305-676-7726,happy@gmevents.info,,,"Doral, FL",4.1,146.0,happypartyrental.com,no analytics/tag manager; no fb pixel,Medium,7.5,,"quick redesign idea for Happy Party Rental | Table and Chair Rentals, Tents & Dance Floors In Miami","Hi there,

I came across Happy Party Rental | Table and Chair Rentals, Tents & Dance Floors In Miami while looking at top event rental options in Doral — 4.1 stars, 146 reviews, clearly well-run. The website (happypartyrental.com) looks like it hasn't been updated in a while though, and that's usually the first thing that makes new customers hesitate.

I'm Shriyansh, founder of Furviou — we build fast, modern sites for local businesses. I'd like to put together a free demo redesign of Happy Party Rental | Table and Chair Rentals, Tents & Dance Floors In Miami's homepage, no strings attached.

Want me to send it over?

Shriyansh Kumar Lohia
Founder — Furviou
furviou.com
Book a 15-min call: https://cal.com/whoshriyansh/15min","Hi there,

Just bumping this up in case it got buried. I already have a rough idea of what a cleaner homepage for Happy Party Rental | Table and Chair Rentals, Tents & Dance Floors In Miami could look like — happy to send the demo over first so you can judge it on its own, no pressure to reply either way.

Shriyansh
Furviou · furviou.com","Hi there,

We recently redesigned sites for a few other event rental businesses and it made a real difference in how they show up to new customers. Happy to share examples alongside the free demo for Happy Party Rental | Table and Chair Rentals, Tents & Dance Floors In Miami if that's useful.

15 minutes is enough to walk through it if you're open to it: https://cal.com/whoshriyansh/15min

Shriyansh
Furviou · furviou.com","Hi there,

I'll leave it here for now — if a faster, more modern site for Happy Party Rental | Table and Chair Rentals, Tents & Dance Floors In Miami becomes a priority later, happy to help whenever that is. You can always grab 15 minutes here: https://cal.com/whoshriyansh/15min

All the best,
Shriyansh
Furviou · furviou.com"
Quest Events Dallas,Party equipment rental,Party equipment rental service,+1 972-381-8000,filomena@questdrape.com,Filomena Felix,regional sales manager,"Carrollton, TX",4.4,120.0,questevents.com,no analytics/tag manager; no fb pixel,Medium,7.5,,Quest Events Dallas's site could be costing you bookings,"Hi Filomena,

Quest Events Dallas has a great reputation in Carrollton (4.4 stars, 120 reviews) but the current site doesn't reflect that yet. A dated site is often the one thing quietly costing a well-reviewed business new bookings.

I'm Shriyansh, founder of Furviou. I build modern, fast websites for local event rental businesses — happy to send a free demo redesign for Quest Events Dallas so you can see it before deciding on anything.

Open to a quick look?

Shriyansh Kumar Lohia
Founder — Furviou
furviou.com
Book a 15-min call: https://cal.com/whoshriyansh/15min","Hi Filomena,

No worries if this slipped past — reaching out again in case it's useful. I can have a free demo homepage for Quest Events Dallas ready in a day or two if you'd like to see it before we talk about anything.

Shriyansh
Furviou · furviou.com","Hi Filomena,

Most event rental businesses we work with see it in fewer people bouncing off the site and more inquiries actually coming through. Want me to put together the free demo for Quest Events Dallas so you can judge it for yourself?

Shriyansh
Furviou · furviou.com","Hi Filomena,

Didn't want to keep filling your inbox — I'll stop here. If Quest Events Dallas's site ever moves up the priority list, I'm happy to send that free demo whenever it's useful: https://cal.com/whoshriyansh/15min

Shriyansh
Furviou · furviou.com"
American Party Rental,Party equipment rental,Party equipment rental service,+1 512-837-6500,john.nichols@tdi.state.tx.us,,,"Austin, TX",4.1,103.0,americanpartyrental.com,no analytics/tag manager; no fb pixel,Medium,7.5,,a faster site for American Party Rental,"Hi there,

I came across American Party Rental while looking at top event rental options in Austin — 4.1 stars, 103 reviews, clearly well-run. The website (americanpartyrental.com) looks like it hasn't been updated in a while though, and that's usually the first thing that makes new customers hesitate.

I'm Shriyansh, founder of Furviou — we build fast, modern sites for local businesses. I'd like to put together a free demo redesign of American Party Rental's homepage, no strings attached.

Want me to send it over?

Shriyansh Kumar Lohia
Founder — Furviou
furviou.com
Book a 15-min call: https://cal.com/whoshriyansh/15min","Hi there,

Just bumping this up in case it got buried. I already have a rough idea of what a cleaner homepage for American Party Rental could look like — happy to send the demo over first so you can judge it on its own, no pressure to reply either way.

Shriyansh
Furviou · furviou.com","Hi there,

We recently redesigned sites for a few other event rental businesses and it made a real difference in how they show up to new customers. Happy to share examples alongside the free demo for American Party Rental if that's useful.

15 minutes is enough to walk through it if you're open to it: https://cal.com/whoshriyansh/15min

Shriyansh
Furviou · furviou.com","Hi there,

I'll leave it here for now — if a faster, more modern site for American Party Rental becomes a priority later, happy to help whenever that is. You can always grab 15 minutes here: https://cal.com/whoshriyansh/15min

All the best,
Shriyansh
Furviou · furviou.com"
One Stop Tents & Events,Party equipment rental,Party equipment rental service,+1 281-338-9898,kkeesler@onestopparty.com,Karen Keesler,owner,"Webster, TX",4.3,93.0,onestopparty.com,no analytics/tag manager; no fb pixel,Medium,7.5,,quick redesign idea for One Stop Tents & Events,"Hi Karen,

One Stop Tents & Events has a great reputation in Webster (4.3 stars, 93 reviews) but the current site doesn't reflect that yet. A dated site is often the one thing quietly costing a well-reviewed business new bookings.

I'm Shriyansh, founder of Furviou. I build modern, fast websites for local event rental businesses — happy to send a free demo redesign for One Stop Tents & Events so you can see it before deciding on anything.

Open to a quick look?

Shriyansh Kumar Lohia
Founder — Furviou
furviou.com
Book a 15-min call: https://cal.com/whoshriyansh/15min","Hi Karen,

No worries if this slipped past — reaching out again in case it's useful. I can have a free demo homepage for One Stop Tents & Events ready in a day or two if you'd like to see it before we talk about anything.

Shriyansh
Furviou · furviou.com","Hi Karen,

Most event rental businesses we work with see it in fewer people bouncing off the site and more inquiries actually coming through. Want me to put together the free demo for One Stop Tents & Events so you can judge it for yourself?

Shriyansh
Furviou · furviou.com","Hi Karen,

Didn't want to keep filling your inbox — I'll stop here. If One Stop Tents & Events's site ever moves up the priority list, I'm happy to send that free demo whenever it's useful: https://cal.com/whoshriyansh/15min

Shriyansh
Furviou · furviou.com"
Destin Bounce House LLC & Inflatables rentals.,Party equipment rental,Party equipment rental service,+1 850-225-8793,destinbouncehouse@gmail.com,,,"Destin, FL",4.5,35.0,destinbouncehouses.com,no analytics/tag manager; no fb pixel,Medium,7.5,,Destin Bounce House LLC & Inflatables rentals.'s site could be costing you bookings,"Hi there,

I came across Destin Bounce House LLC & Inflatables rentals. while looking at top event rental options in Destin — 4.5 stars, 35 reviews, clearly well-run. The website (destinbouncehouses.com) looks like it hasn't been updated in a while though, and that's usually the first thing that makes new customers hesitate.

I'm Shriyansh, founder of Furviou — we build fast, modern sites for local businesses. I'd like to put together a free demo redesign of Destin Bounce House LLC & Inflatables rentals.'s homepage, no strings attached.

Want me to send it over?

Shriyansh Kumar Lohia
Founder — Furviou
furviou.com
Book a 15-min call: https://cal.com/whoshriyansh/15min","Hi there,

Just bumping this up in case it got buried. I already have a rough idea of what a cleaner homepage for Destin Bounce House LLC & Inflatables rentals. could look like — happy to send the demo over first so you can judge it on its own, no pressure to reply either way.

Shriyansh
Furviou · furviou.com","Hi there,

We recently redesigned sites for a few other event rental businesses and it made a real difference in how they show up to new customers. Happy to share examples alongside the free demo for Destin Bounce House LLC & Inflatables rentals. if that's useful.

15 minutes is enough to walk through it if you're open to it: https://cal.com/whoshriyansh/15min

Shriyansh
Furviou · furviou.com","Hi there,

I'll leave it here for now — if a faster, more modern site for Destin Bounce House LLC & Inflatables rentals. becomes a priority later, happy to help whenever that is. You can always grab 15 minutes here: https://cal.com/whoshriyansh/15min

All the best,
Shriyansh
Furviou · furviou.com"
CORT Furniture Rental - Warehouse,Party equipment rental,Furniture rental service,+1 713-960-4580,customerservice@cort.com,,,"Houston, TX",3.9,16.0,stores.cort.com,no analytics/tag manager; no fb pixel; no builder detected (likely static/neglected),Medium,7.5,,a faster site for CORT Furniture Rental - Warehouse,"Hi there,

CORT Furniture Rental - Warehouse has a great reputation in Houston (3.9 stars, 16 reviews) but the current site doesn't reflect that yet. A dated site is often the one thing quietly costing a well-reviewed business new bookings.

I'm Shriyansh, founder of Furviou. I build modern, fast websites for local furniture businesses — happy to send a free demo redesign for CORT Furniture Rental - Warehouse so you can see it before deciding on anything.

Open to a quick look?

Shriyansh Kumar Lohia
Founder — Furviou
furviou.com
Book a 15-min call: https://cal.com/whoshriyansh/15min","Hi there,

No worries if this slipped past — reaching out again in case it's useful. I can have a free demo homepage for CORT Furniture Rental - Warehouse ready in a day or two if you'd like to see it before we talk about anything.

Shriyansh
Furviou · furviou.com","Hi there,

Most furniture businesses we work with see it in fewer people bouncing off the site and more inquiries actually coming through. Want me to put together the free demo for CORT Furniture Rental - Warehouse so you can judge it for yourself?

Shriyansh
Furviou · furviou.com","Hi there,

Didn't want to keep filling your inbox — I'll stop here. If CORT Furniture Rental - Warehouse's site ever moves up the priority list, I'm happy to send that free demo whenever it's useful: https://cal.com/whoshriyansh/15min

Shriyansh
Furviou · furviou.com"
Star party rentals LLC,Party equipment rental,Party equipment rental service,+1 469-487-6709,starpartyrentals@outlook.com,,,"Duncanville, TX",5.0,33.0,star-partyrentals.com,no analytics/tag manager; no fb pixel,Medium,7.5,,quick redesign idea for Star party rentals LLC,"Hi there,

I came across Star party rentals LLC while looking at top event rental options in Duncanville — 5.0 stars, 33 reviews, clearly well-run. The website (star-partyrentals.com) looks like it hasn't been updated in a while though, and that's usually the first thing that makes new customers hesitate.

I'm Shriyansh, founder of Furviou — we build fast, modern sites for local businesses. I'd like to put together a free demo redesign of Star party rentals LLC's homepage, no strings attached.

Want me to send it over?

Shriyansh Kumar Lohia
Founder — Furviou
furviou.com
Book a 15-min call: https://cal.com/whoshriyansh/15min","Hi there,

Just bumping this up in case it got buried. I already have a rough idea of what a cleaner homepage for Star party rentals LLC could look like — happy to send the demo over first so you can judge it on its own, no pressure to reply either way.

Shriyansh
Furviou · furviou.com","Hi there,

We recently redesigned sites for a few other event rental businesses and it made a real difference in how they show up to new customers. Happy to share examples alongside the free demo for Star party rentals LLC if that's useful.

15 minutes is enough to walk through it if you're open to it: https://cal.com/whoshriyansh/15min

Shriyansh
Furviou · furviou.com","Hi there,

I'll leave it here for now — if a faster, more modern site for Star party rentals LLC becomes a priority later, happy to help whenever that is. You can always grab 15 minutes here: https://cal.com/whoshriyansh/15min

All the best,
Shriyansh
Furviou · furviou.com"
Seated Rentals,Party equipment rental,Party equipment rental service,+1 806-337-0067,info@seatedrentals.com,,,"Lubbock, TX",5.0,33.0,seatedrentals.com,no analytics/tag manager; no fb pixel,Medium,7.5,,Seated Rentals's site could be costing you bookings,"Hi there,

Seated Rentals has a great reputation in Lubbock (5.0 stars, 33 reviews) but the current site doesn't reflect that yet. A dated site is often the one thing quietly costing a well-reviewed business new bookings.

I'm Shriyansh, founder of Furviou. I build modern, fast websites for local event rental businesses — happy to send a free demo redesign for Seated Rentals so you can see it before deciding on anything.

Open to a quick look?

Shriyansh Kumar Lohia
Founder — Furviou
furviou.com
Book a 15-min call: https://cal.com/whoshriyansh/15min","Hi there,

No worries if this slipped past — reaching out again in case it's useful. I can have a free demo homepage for Seated Rentals ready in a day or two if you'd like to see it before we talk about anything.

Shriyansh
Furviou · furviou.com","Hi there,

Most event rental businesses we work with see it in fewer people bouncing off the site and more inquiries actually coming through. Want me to put together the free demo for Seated Rentals so you can judge it for yourself?

Shriyansh
Furviou · furviou.com","Hi there,

Didn't want to keep filling your inbox — I'll stop here. If Seated Rentals's site ever moves up the priority list, I'm happy to send that free demo whenever it's useful: https://cal.com/whoshriyansh/15min

Shriyansh
Furviou · furviou.com"
Fredericksburg Rentals,Party equipment rental,Party equipment rental service,+1 826-249-4905,info@fxbgrentals.com,,,"Fredericksburg, VA",4.8,32.0,fxbgrentals.com,no analytics/tag manager; no fb pixel,Medium,7.4,,a faster site for Fredericksburg Rentals,"Hi there,

I came across Fredericksburg Rentals while looking at top event rental options in Fredericksburg — 4.8 stars, 32 reviews, clearly well-run. The website (fxbgrentals.com) looks like it hasn't been updated in a while though, and that's usually the first thing that makes new customers hesitate.

I'm Shriyansh, founder of Furviou — we build fast, modern sites for local businesses. I'd like to put together a free demo redesign of Fredericksburg Rentals's homepage, no strings attached.

Want me to send it over?

Shriyansh Kumar Lohia
Founder — Furviou
furviou.com
Book a 15-min call: https://cal.com/whoshriyansh/15min","Hi there,

Just bumping this up in case it got buried. I already have a rough idea of what a cleaner homepage for Fredericksburg Rentals could look like — happy to send the demo over first so you can judge it on its own, no pressure to reply either way.

Shriyansh
Furviou · furviou.com","Hi there,

We recently redesigned sites for a few other event rental businesses and it made a real difference in how they show up to new customers. Happy to share examples alongside the free demo for Fredericksburg Rentals if that's useful.

15 minutes is enough to walk through it if you're open to it: https://cal.com/whoshriyansh/15min

Shriyansh
Furviou · furviou.com","Hi there,

I'll leave it here for now — if a faster, more modern site for Fredericksburg Rentals becomes a priority later, happy to help whenever that is. You can always grab 15 minutes here: https://cal.com/whoshriyansh/15min

All the best,
Shriyansh
Furviou · furviou.com"
MC Party Rentals,Party equipment rental,Party equipment rental service,+1 682-559-8031,mcpartyrentalstx@gmail.com,,,"Fort Worth, TX",4.6,31.0,mcpartyrentals.com,no analytics/tag manager; no builder detected (likely static/neglected),Medium,7.4,,quick redesign idea for MC Party Rentals,"Hi there,

MC Party Rentals has a great reputation in Fort Worth (4.6 stars, 31 reviews) but the current site doesn't reflect that yet. A dated site is often the one thing quietly costing a well-reviewed business new bookings.

I'm Shriyansh, founder of Furviou. I build modern, fast websites for local event rental businesses — happy to send a free demo redesign for MC Party Rentals so you can see it before deciding on anything.

Open to a quick look?

Shriyansh Kumar Lohia
Founder — Furviou
furviou.com
Book a 15-min call: https://cal.com/whoshriyansh/15min","Hi there,

No worries if this slipped past — reaching out again in case it's useful. I can have a free demo homepage for MC Party Rentals ready in a day or two if you'd like to see it before we talk about anything.

Shriyansh
Furviou · furviou.com","Hi there,

Most event rental businesses we work with see it in fewer people bouncing off the site and more inquiries actually coming through. Want me to put together the free demo for MC Party Rentals so you can judge it for yourself?

Shriyansh
Furviou · furviou.com","Hi there,

Didn't want to keep filling your inbox — I'll stop here. If MC Party Rentals's site ever moves up the priority list, I'm happy to send that free demo whenever it's useful: https://cal.com/whoshriyansh/15min

Shriyansh
Furviou · furviou.com"
Elegant Chairs & More,Party equipment rental,Party equipment rental service,+1 832-848-9879,elegantchairsandmore@gmail.com,,,"Houston, TX",4.9,31.0,elegantchairsandmore.com,no analytics/tag manager; no fb pixel,Medium,7.4,,Elegant Chairs & More's site could be costing you bookings,"Hi there,

I came across Elegant Chairs & More while looking at top event rental options in Houston — 4.9 stars, 31 reviews, clearly well-run. The website (elegantchairsandmore.com) looks like it hasn't been updated in a while though, and that's usually the first thing that makes new customers hesitate.

I'm Shriyansh, founder of Furviou — we build fast, modern sites for local businesses. I'd like to put together a free demo redesign of Elegant Chairs & More's homepage, no strings attached.

Want me to send it over?

Shriyansh Kumar Lohia
Founder — Furviou
furviou.com
Book a 15-min call: https://cal.com/whoshriyansh/15min","Hi there,

Just bumping this up in case it got buried. I already have a rough idea of what a cleaner homepage for Elegant Chairs & More could look like — happy to send the demo over first so you can judge it on its own, no pressure to reply either way.

Shriyansh
Furviou · furviou.com","Hi there,

We recently redesigned sites for a few other event rental businesses and it made a real difference in how they show up to new customers. Happy to share examples alongside the free demo for Elegant Chairs & More if that's useful.

15 minutes is enough to walk through it if you're open to it: https://cal.com/whoshriyansh/15min

Shriyansh
Furviou · furviou.com","Hi there,

I'll leave it here for now — if a faster, more modern site for Elegant Chairs & More becomes a priority later, happy to help whenever that is. You can always grab 15 minutes here: https://cal.com/whoshriyansh/15min

All the best,
Shriyansh
Furviou · furviou.com"
Dominguez Party Rentals,Party equipment rental,Party equipment rental service,+1 214-606-6432,dominguez.aldo@yahoo.com,,,"Garland, TX",4.9,31.0,dominguezpartyrentals.com,no analytics/tag manager; no fb pixel,Medium,7.4,,a faster site for Dominguez Party Rentals,"Hi there,

Dominguez Party Rentals has a great reputation in Garland (4.9 stars, 31 reviews) but the current site doesn't reflect that yet. A dated site is often the one thing quietly costing a well-reviewed business new bookings.

I'm Shriyansh, founder of Furviou. I build modern, fast websites for local event rental businesses — happy to send a free demo redesign for Dominguez Party Rentals so you can see it before deciding on anything.

Open to a quick look?

Shriyansh Kumar Lohia
Founder — Furviou
furviou.com
Book a 15-min call: https://cal.com/whoshriyansh/15min","Hi there,

No worries if this slipped past — reaching out again in case it's useful. I can have a free demo homepage for Dominguez Party Rentals ready in a day or two if you'd like to see it before we talk about anything.

Shriyansh
Furviou · furviou.com","Hi there,

Most event rental businesses we work with see it in fewer people bouncing off the site and more inquiries actually coming through. Want me to put together the free demo for Dominguez Party Rentals so you can judge it for yourself?

Shriyansh
Furviou · furviou.com","Hi there,

Didn't want to keep filling your inbox — I'll stop here. If Dominguez Party Rentals's site ever moves up the priority list, I'm happy to send that free demo whenever it's useful: https://cal.com/whoshriyansh/15min

Shriyansh
Furviou · furviou.com"
Dallas Event Rentals,Party equipment rental,Party equipment rental service,+1 214-484-2489,dallasevents@dallaseventrentals.com,,,"Richardson, TX",4.4,59.0,dallaseventrentals.com,no analytics/tag manager; no fb pixel,Medium,7.3,,quick redesign idea for Dallas Event Rentals,"Hi there,

I came across Dallas Event Rentals while looking at top event rental options in Richardson — 4.4 stars, 59 reviews, clearly well-run. The website (dallaseventrentals.com) looks like it hasn't been updated in a while though, and that's usually the first thing that makes new customers hesitate.

I'm Shriyansh, founder of Furviou — we build fast, modern sites for local businesses. I'd like to put together a free demo redesign of Dallas Event Rentals's homepage, no strings attached.

Want me to send it over?

Shriyansh Kumar Lohia
Founder — Furviou
furviou.com
Book a 15-min call: https://cal.com/whoshriyansh/15min","Hi there,

Just bumping this up in case it got buried. I already have a rough idea of what a cleaner homepage for Dallas Event Rentals could look like — happy to send the demo over first so you can judge it on its own, no pressure to reply either way.

Shriyansh
Furviou · furviou.com","Hi there,

We recently redesigned sites for a few other event rental businesses and it made a real difference in how they show up to new customers. Happy to share examples alongside the free demo for Dallas Event Rentals if that's useful.

15 minutes is enough to walk through it if you're open to it: https://cal.com/whoshriyansh/15min

Shriyansh
Furviou · furviou.com","Hi there,

I'll leave it here for now — if a faster, more modern site for Dallas Event Rentals becomes a priority later, happy to help whenever that is. You can always grab 15 minutes here: https://cal.com/whoshriyansh/15min

All the best,
Shriyansh
Furviou · furviou.com"
Intents Party Rentals,Party equipment rental,Tent rental service,+1 479-251-8368,info@party-intents.com,,,"Fayetteville, AR",4.2,57.0,party-intents.com,no analytics/tag manager; no fb pixel,Medium,7.3,,Intents Party Rentals's site could be costing you bookings,"Hi there,

Intents Party Rentals has a great reputation in Fayetteville (4.2 stars, 57 reviews) but the current site doesn't reflect that yet. A dated site is often the one thing quietly costing a well-reviewed business new bookings.

I'm Shriyansh, founder of Furviou. I build modern, fast websites for local event rental businesses — happy to send a free demo redesign for Intents Party Rentals so you can see it before deciding on anything.

Open to a quick look?

Shriyansh Kumar Lohia
Founder — Furviou
furviou.com
Book a 15-min call: https://cal.com/whoshriyansh/15min","Hi there,

No worries if this slipped past — reaching out again in case it's useful. I can have a free demo homepage for Intents Party Rentals ready in a day or two if you'd like to see it before we talk about anything.

Shriyansh
Furviou · furviou.com","Hi there,

Most event rental businesses we work with see it in fewer people bouncing off the site and more inquiries actually coming through. Want me to put together the free demo for Intents Party Rentals so you can judge it for yourself?

Shriyansh
Furviou · furviou.com","Hi there,

Didn't want to keep filling your inbox — I'll stop here. If Intents Party Rentals's site ever moves up the priority list, I'm happy to send that free demo whenever it's useful: https://cal.com/whoshriyansh/15min

Shriyansh
Furviou · furviou.com"
Paris Party & Event Rentals,Party equipment rental,Party equipment rental service,+1 903-905-4901,typesetit@att.net,,,"Paris, TX",4.8,27.0,parispartyrentals.com,no analytics/tag manager; no fb pixel,Medium,7.3,,a faster site for Paris Party & Event Rentals,"Hi there,

I came across Paris Party & Event Rentals while looking at top event rental options in Paris — 4.8 stars, 27 reviews, clearly well-run. The website (parispartyrentals.com) looks like it hasn't been updated in a while though, and that's usually the first thing that makes new customers hesitate.

I'm Shriyansh, founder of Furviou — we build fast, modern sites for local businesses. I'd like to put together a free demo redesign of Paris Party & Event Rentals's homepage, no strings attached.

Want me to send it over?

Shriyansh Kumar Lohia
Founder — Furviou
furviou.com
Book a 15-min call: https://cal.com/whoshriyansh/15min","Hi there,

Just bumping this up in case it got buried. I already have a rough idea of what a cleaner homepage for Paris Party & Event Rentals could look like — happy to send the demo over first so you can judge it on its own, no pressure to reply either way.

Shriyansh
Furviou · furviou.com","Hi there,

We recently redesigned sites for a few other event rental businesses and it made a real difference in how they show up to new customers. Happy to share examples alongside the free demo for Paris Party & Event Rentals if that's useful.

15 minutes is enough to walk through it if you're open to it: https://cal.com/whoshriyansh/15min

Shriyansh
Furviou · furviou.com","Hi there,

I'll leave it here for now — if a faster, more modern site for Paris Party & Event Rentals becomes a priority later, happy to help whenever that is. You can always grab 15 minutes here: https://cal.com/whoshriyansh/15min

All the best,
Shriyansh
Furviou · furviou.com"
The Perfect Party Rentals,Party equipment rental,Party equipment rental service,+1 512-919-2455,theperfectpartyrentals@gmail.com,,,"Hutto, TX",5.0,26.0,theperfectpartyrentals.com,no analytics/tag manager; no fb pixel,Medium,7.3,,quick redesign idea for The Perfect Party Rentals,"Hi there,

The Perfect Party Rentals has a great reputation in Hutto (5.0 stars, 26 reviews) but the current site doesn't reflect that yet. A dated site is often the one thing quietly costing a well-reviewed business new bookings.

I'm Shriyansh, founder of Furviou. I build modern, fast websites for local event rental businesses — happy to send a free demo redesign for The Perfect Party Rentals so you can see it before deciding on anything.

Open to a quick look?

Shriyansh Kumar Lohia
Founder — Furviou
furviou.com
Book a 15-min call: https://cal.com/whoshriyansh/15min","Hi there,

No worries if this slipped past — reaching out again in case it's useful. I can have a free demo homepage for The Perfect Party Rentals ready in a day or two if you'd like to see it before we talk about anything.

Shriyansh
Furviou · furviou.com","Hi there,

Most event rental businesses we work with see it in fewer people bouncing off the site and more inquiries actually coming through. Want me to put together the free demo for The Perfect Party Rentals so you can judge it for yourself?

Shriyansh
Furviou · furviou.com","Hi there,

Didn't want to keep filling your inbox — I'll stop here. If The Perfect Party Rentals's site ever moves up the priority list, I'm happy to send that free demo whenever it's useful: https://cal.com/whoshriyansh/15min

Shriyansh
Furviou · furviou.com"
B & T Rents,Party equipment rental,Party equipment rental service,+1 361-884-6238,tlyons001@aol.com,,,"Corpus Christi, TX",4.5,26.0,bandtrents.com,no fb pixel; no builder detected (likely static/neglected),Medium,7.3,,B & T Rents's site could be costing you bookings,"Hi there,

I came across B & T Rents while looking at top event rental options in Corpus Christi — 4.5 stars, 26 reviews, clearly well-run. The website (bandtrents.com) looks like it hasn't been updated in a while though, and that's usually the first thing that makes new customers hesitate.

I'm Shriyansh, founder of Furviou — we build fast, modern sites for local businesses. I'd like to put together a free demo redesign of B & T Rents's homepage, no strings attached.

Want me to send it over?

Shriyansh Kumar Lohia
Founder — Furviou
furviou.com
Book a 15-min call: https://cal.com/whoshriyansh/15min","Hi there,

Just bumping this up in case it got buried. I already have a rough idea of what a cleaner homepage for B & T Rents could look like — happy to send the demo over first so you can judge it on its own, no pressure to reply either way.

Shriyansh
Furviou · furviou.com","Hi there,

We recently redesigned sites for a few other event rental businesses and it made a real difference in how they show up to new customers. Happy to share examples alongside the free demo for B & T Rents if that's useful.

15 minutes is enough to walk through it if you're open to it: https://cal.com/whoshriyansh/15min

Shriyansh
Furviou · furviou.com","Hi there,

I'll leave it here for now — if a faster, more modern site for B & T Rents becomes a priority later, happy to help whenever that is. You can always grab 15 minutes here: https://cal.com/whoshriyansh/15min

All the best,
Shriyansh
Furviou · furviou.com"
Viesera Party Rentals,Party equipment rental,Party equipment rental service,+1 832-898-4493,vieserarentals@gmail.com,,,"Richmond, TX",5.0,26.0,vieserapartyrentalsllc.com,no analytics/tag manager; no fb pixel,Medium,7.3,,a faster site for Viesera Party Rentals,"Hi there,

Viesera Party Rentals has a great reputation in Richmond (5.0 stars, 26 reviews) but the current site doesn't reflect that yet. A dated site is often the one thing quietly costing a well-reviewed business new bookings.

I'm Shriyansh, founder of Furviou. I build modern, fast websites for local event rental businesses — happy to send a free demo redesign for Viesera Party Rentals so you can see it before deciding on anything.

Open to a quick look?

Shriyansh Kumar Lohia
Founder — Furviou
furviou.com
Book a 15-min call: https://cal.com/whoshriyansh/15min","Hi there,

No worries if this slipped past — reaching out again in case it's useful. I can have a free demo homepage for Viesera Party Rentals ready in a day or two if you'd like to see it before we talk about anything.

Shriyansh
Furviou · furviou.com","Hi there,

Most event rental businesses we work with see it in fewer people bouncing off the site and more inquiries actually coming through. Want me to put together the free demo for Viesera Party Rentals so you can judge it for yourself?

Shriyansh
Furviou · furviou.com","Hi there,

Didn't want to keep filling your inbox — I'll stop here. If Viesera Party Rentals's site ever moves up the priority list, I'm happy to send that free demo whenever it's useful: https://cal.com/whoshriyansh/15min

Shriyansh
Furviou · furviou.com"
All bright party rentals,Party equipment rental,Party equipment rental service,+1 832-612-7493,allbrightpartyrentals@gmail.com,,,"Richmond, TX",5.0,23.0,allbrightparty.com,no analytics/tag manager; no fb pixel,Medium,7.2,,quick redesign idea for All bright party rentals,"Hi there,

I came across All bright party rentals while looking at top event rental options in Richmond — 5.0 stars, 23 reviews, clearly well-run. The website (allbrightparty.com) looks like it hasn't been updated in a while though, and that's usually the first thing that makes new customers hesitate.

I'm Shriyansh, founder of Furviou — we build fast, modern sites for local businesses. I'd like to put together a free demo redesign of All bright party rentals's homepage, no strings attached.

Want me to send it over?

Shriyansh Kumar Lohia
Founder — Furviou
furviou.com
Book a 15-min call: https://cal.com/whoshriyansh/15min","Hi there,

Just bumping this up in case it got buried. I already have a rough idea of what a cleaner homepage for All bright party rentals could look like — happy to send the demo over first so you can judge it on its own, no pressure to reply either way.

Shriyansh
Furviou · furviou.com","Hi there,

We recently redesigned sites for a few other event rental businesses and it made a real difference in how they show up to new customers. Happy to share examples alongside the free demo for All bright party rentals if that's useful.

15 minutes is enough to walk through it if you're open to it: https://cal.com/whoshriyansh/15min

Shriyansh
Furviou · furviou.com","Hi there,

I'll leave it here for now — if a faster, more modern site for All bright party rentals becomes a priority later, happy to help whenever that is. You can always grab 15 minutes here: https://cal.com/whoshriyansh/15min

All the best,
Shriyansh
Furviou · furviou.com"
Funtastic Events,Party equipment rental,Party equipment rental service,+1 214-679-3356,info@fun-tastic.it,,,"Longview, TX",4.9,19.0,funtasticevents.net,no analytics/tag manager; no fb pixel,Medium,7.1,,Funtastic Events's site could be costing you bookings,"Hi there,

Funtastic Events has a great reputation in Longview (4.9 stars, 19 reviews) but the current site doesn't reflect that yet. A dated site is often the one thing quietly costing a well-reviewed business new bookings.

I'm Shriyansh, founder of Furviou. I build modern, fast websites for local event rental businesses — happy to send a free demo redesign for Funtastic Events so you can see it before deciding on anything.

Open to a quick look?

Shriyansh Kumar Lohia
Founder — Furviou
furviou.com
Book a 15-min call: https://cal.com/whoshriyansh/15min","Hi there,

No worries if this slipped past — reaching out again in case it's useful. I can have a free demo homepage for Funtastic Events ready in a day or two if you'd like to see it before we talk about anything.

Shriyansh
Furviou · furviou.com","Hi there,

Most event rental businesses we work with see it in fewer people bouncing off the site and more inquiries actually coming through. Want me to put together the free demo for Funtastic Events so you can judge it for yourself?

Shriyansh
Furviou · furviou.com","Hi there,

Didn't want to keep filling your inbox — I'll stop here. If Funtastic Events's site ever moves up the priority list, I'm happy to send that free demo whenever it's useful: https://cal.com/whoshriyansh/15min

Shriyansh
Furviou · furviou.com"
Bounce and Bliss Party Rentals,Party equipment rental,Party equipment rental service,+1 850-533-5808,bounceandbliss@gmail.com,,,"Crestview, FL",5.0,19.0,bounceandbliss.org,no analytics/tag manager; no fb pixel,Medium,7.1,,a faster site for Bounce and Bliss Party Rentals,"Hi there,

I came across Bounce and Bliss Party Rentals while looking at top event rental options in Crestview — 5.0 stars, 19 reviews, clearly well-run. The website (bounceandbliss.org) looks like it hasn't been updated in a while though, and that's usually the first thing that makes new customers hesitate.

I'm Shriyansh, founder of Furviou — we build fast, modern sites for local businesses. I'd like to put together a free demo redesign of Bounce and Bliss Party Rentals's homepage, no strings attached.

Want me to send it over?

Shriyansh Kumar Lohia
Founder — Furviou
furviou.com
Book a 15-min call: https://cal.com/whoshriyansh/15min","Hi there,

Just bumping this up in case it got buried. I already have a rough idea of what a cleaner homepage for Bounce and Bliss Party Rentals could look like — happy to send the demo over first so you can judge it on its own, no pressure to reply either way.

Shriyansh
Furviou · furviou.com","Hi there,

We recently redesigned sites for a few other event rental businesses and it made a real difference in how they show up to new customers. Happy to share examples alongside the free demo for Bounce and Bliss Party Rentals if that's useful.

15 minutes is enough to walk through it if you're open to it: https://cal.com/whoshriyansh/15min

Shriyansh
Furviou · furviou.com","Hi there,

I'll leave it here for now — if a faster, more modern site for Bounce and Bliss Party Rentals becomes a priority later, happy to help whenever that is. You can always grab 15 minutes here: https://cal.com/whoshriyansh/15min

All the best,
Shriyansh
Furviou · furviou.com"
Destin Event Rentals,Party equipment rental,Party equipment rental service,+1 850-598-2799,tyler@destineventrentals.com,,,"Niceville, FL",4.8,19.0,destineventrentals.com,no analytics/tag manager; no fb pixel,Medium,7.1,,quick redesign idea for Destin Event Rentals,"Hi there,

Destin Event Rentals has a great reputation in Niceville (4.8 stars, 19 reviews) but the current site doesn't reflect that yet. A dated site is often the one thing quietly costing a well-reviewed business new bookings.

I'm Shriyansh, founder of Furviou. I build modern, fast websites for local event rental businesses — happy to send a free demo redesign for Destin Event Rentals so you can see it before deciding on anything.

Open to a quick look?

Shriyansh Kumar Lohia
Founder — Furviou
furviou.com
Book a 15-min call: https://cal.com/whoshriyansh/15min","Hi there,

No worries if this slipped past — reaching out again in case it's useful. I can have a free demo homepage for Destin Event Rentals ready in a day or two if you'd like to see it before we talk about anything.

Shriyansh
Furviou · furviou.com","Hi there,

Most event rental businesses we work with see it in fewer people bouncing off the site and more inquiries actually coming through. Want me to put together the free demo for Destin Event Rentals so you can judge it for yourself?

Shriyansh
Furviou · furviou.com","Hi there,

Didn't want to keep filling your inbox — I'll stop here. If Destin Event Rentals's site ever moves up the priority list, I'm happy to send that free demo whenever it's useful: https://cal.com/whoshriyansh/15min

Shriyansh
Furviou · furviou.com"
Abundance Party Rentals DFW,Party equipment rental,Party equipment rental service,+1 682-777-3403,support@theabundancerentals.com,,,"Arlington, TX",5.0,19.0,theabundancerentals.com,no analytics/tag manager; no fb pixel,Medium,7.1,,Abundance Party Rentals DFW's site could be costing you bookings,"Hi there,

I came across Abundance Party Rentals DFW while looking at top event rental options in Arlington — 5.0 stars, 19 reviews, clearly well-run. The website (theabundancerentals.com) looks like it hasn't been updated in a while though, and that's usually the first thing that makes new customers hesitate.

I'm Shriyansh, founder of Furviou — we build fast, modern sites for local businesses. I'd like to put together a free demo redesign of Abundance Party Rentals DFW's homepage, no strings attached.

Want me to send it over?

Shriyansh Kumar Lohia
Founder — Furviou
furviou.com
Book a 15-min call: https://cal.com/whoshriyansh/15min","Hi there,

Just bumping this up in case it got buried. I already have a rough idea of what a cleaner homepage for Abundance Party Rentals DFW could look like — happy to send the demo over first so you can judge it on its own, no pressure to reply either way.

Shriyansh
Furviou · furviou.com","Hi there,

We recently redesigned sites for a few other event rental businesses and it made a real difference in how they show up to new customers. Happy to share examples alongside the free demo for Abundance Party Rentals DFW if that's useful.

15 minutes is enough to walk through it if you're open to it: https://cal.com/whoshriyansh/15min

Shriyansh
Furviou · furviou.com","Hi there,

I'll leave it here for now — if a faster, more modern site for Abundance Party Rentals DFW becomes a priority later, happy to help whenever that is. You can always grab 15 minutes here: https://cal.com/whoshriyansh/15min

All the best,
Shriyansh
Furviou · furviou.com"
My Event Rentals,Party equipment rental,Party equipment rental service,+1 214-406-7162,myeventrentalsllc@gmail.com,,,"Farmers Branch, TX",5.0,18.0,myeventrentalsdallas.com,no analytics/tag manager; no fb pixel,Medium,7.0,,a faster site for My Event Rentals,"Hi there,

My Event Rentals has a great reputation in Farmers Branch (5.0 stars, 18 reviews) but the current site doesn't reflect that yet. A dated site is often the one thing quietly costing a well-reviewed business new bookings.

I'm Shriyansh, founder of Furviou. I build modern, fast websites for local event rental businesses — happy to send a free demo redesign for My Event Rentals so you can see it before deciding on anything.

Open to a quick look?

Shriyansh Kumar Lohia
Founder — Furviou
furviou.com
Book a 15-min call: https://cal.com/whoshriyansh/15min","Hi there,

No worries if this slipped past — reaching out again in case it's useful. I can have a free demo homepage for My Event Rentals ready in a day or two if you'd like to see it before we talk about anything.

Shriyansh
Furviou · furviou.com","Hi there,

Most event rental businesses we work with see it in fewer people bouncing off the site and more inquiries actually coming through. Want me to put together the free demo for My Event Rentals so you can judge it for yourself?

Shriyansh
Furviou · furviou.com","Hi there,

Didn't want to keep filling your inbox — I'll stop here. If My Event Rentals's site ever moves up the priority list, I'm happy to send that free demo whenever it's useful: https://cal.com/whoshriyansh/15min

Shriyansh
Furviou · furviou.com"
Bounce House Dallas,Party equipment rental,Party equipment rental service,+1 972-365-4117,info@bouncehousedallas.com,,,"Midlothian, TX",5.0,17.0,bouncehousedallas.com,no analytics/tag manager; no fb pixel,Medium,7.0,,quick redesign idea for Bounce House Dallas,"Hi there,

I came across Bounce House Dallas while looking at top event rental options in Midlothian — 5.0 stars, 17 reviews, clearly well-run. The website (bouncehousedallas.com) looks like it hasn't been updated in a while though, and that's usually the first thing that makes new customers hesitate.

I'm Shriyansh, founder of Furviou — we build fast, modern sites for local businesses. I'd like to put together a free demo redesign of Bounce House Dallas's homepage, no strings attached.

Want me to send it over?

Shriyansh Kumar Lohia
Founder — Furviou
furviou.com
Book a 15-min call: https://cal.com/whoshriyansh/15min","Hi there,

Just bumping this up in case it got buried. I already have a rough idea of what a cleaner homepage for Bounce House Dallas could look like — happy to send the demo over first so you can judge it on its own, no pressure to reply either way.

Shriyansh
Furviou · furviou.com","Hi there,

We recently redesigned sites for a few other event rental businesses and it made a real difference in how they show up to new customers. Happy to share examples alongside the free demo for Bounce House Dallas if that's useful.

15 minutes is enough to walk through it if you're open to it: https://cal.com/whoshriyansh/15min

Shriyansh
Furviou · furviou.com","Hi there,

I'll leave it here for now — if a faster, more modern site for Bounce House Dallas becomes a priority later, happy to help whenever that is. You can always grab 15 minutes here: https://cal.com/whoshriyansh/15min

All the best,
Shriyansh
Furviou · furviou.com"
EZ Event Rentals,Party equipment rental,Party equipment rental service,+1 479-223-0247,ezeventrentals@yahoo.com,,,"Dardanelle, AR",5.0,1.0,thateazy.com,no analytics/tag manager; no fb pixel; no builder detected (likely static/neglected),Medium,7.0,,EZ Event Rentals's site could be costing you bookings,"Hi there,

EZ Event Rentals has a great reputation in Dardanelle (5.0 stars, 1 reviews) but the current site doesn't reflect that yet. A dated site is often the one thing quietly costing a well-reviewed business new bookings.

I'm Shriyansh, founder of Furviou. I build modern, fast websites for local event rental businesses — happy to send a free demo redesign for EZ Event Rentals so you can see it before deciding on anything.

Open to a quick look?

Shriyansh Kumar Lohia
Founder — Furviou
furviou.com
Book a 15-min call: https://cal.com/whoshriyansh/15min","Hi there,

No worries if this slipped past — reaching out again in case it's useful. I can have a free demo homepage for EZ Event Rentals ready in a day or two if you'd like to see it before we talk about anything.

Shriyansh
Furviou · furviou.com","Hi there,

Most event rental businesses we work with see it in fewer people bouncing off the site and more inquiries actually coming through. Want me to put together the free demo for EZ Event Rentals so you can judge it for yourself?

Shriyansh
Furviou · furviou.com","Hi there,

Didn't want to keep filling your inbox — I'll stop here. If EZ Event Rentals's site ever moves up the priority list, I'm happy to send that free demo whenever it's useful: https://cal.com/whoshriyansh/15min

Shriyansh
Furviou · furviou.com"
Main Market & Event Rental,Party equipment rental,Party equipment rental service,+1 254-417-7067,nicole@maineventinfo.com,,,"Whitney, TX",5.0,1.0,maineventinfo.com,no analytics/tag manager; no fb pixel; no builder detected (likely static/neglected),Medium,7.0,,a faster site for Main Market & Event Rental,"Hi there,

I came across Main Market & Event Rental while looking at top event rental options in Whitney — 5.0 stars, 1 reviews, clearly well-run. The website (maineventinfo.com) looks like it hasn't been updated in a while though, and that's usually the first thing that makes new customers hesitate.

I'm Shriyansh, founder of Furviou — we build fast, modern sites for local businesses. I'd like to put together a free demo redesign of Main Market & Event Rental's homepage, no strings attached.

Want me to send it over?

Shriyansh Kumar Lohia
Founder — Furviou
furviou.com
Book a 15-min call: https://cal.com/whoshriyansh/15min","Hi there,

Just bumping this up in case it got buried. I already have a rough idea of what a cleaner homepage for Main Market & Event Rental could look like — happy to send the demo over first so you can judge it on its own, no pressure to reply either way.

Shriyansh
Furviou · furviou.com","Hi there,

We recently redesigned sites for a few other event rental businesses and it made a real difference in how they show up to new customers. Happy to share examples alongside the free demo for Main Market & Event Rental if that's useful.

15 minutes is enough to walk through it if you're open to it: https://cal.com/whoshriyansh/15min

Shriyansh
Furviou · furviou.com","Hi there,

I'll leave it here for now — if a faster, more modern site for Main Market & Event Rental becomes a priority later, happy to help whenever that is. You can always grab 15 minutes here: https://cal.com/whoshriyansh/15min

All the best,
Shriyansh
Furviou · furviou.com"
Furniture of America Texas,Furniture wholesaler,Furniture wholesaler,+1 972-993-6585,irina.verduga@gmail.com,Irina Verduga,furniture industry and executive account,"DFW Airport, TX",4.3,34.0,foagroup.com,no fb pixel; no builder detected (likely static/neglected),Medium,7.0,,quick redesign idea for Furniture of America Texas,"Hi Irina,

Furniture of America Texas has a great reputation in DFW Airport (4.3 stars, 34 reviews) but the current site doesn't reflect that yet. A dated site is often the one thing quietly costing a well-reviewed business new bookings.

I'm Shriyansh, founder of Furviou. I build modern, fast websites for local furniture businesses — happy to send a free demo redesign for Furniture of America Texas so you can see it before deciding on anything.

Open to a quick look?

Shriyansh Kumar Lohia
Founder — Furviou
furviou.com
Book a 15-min call: https://cal.com/whoshriyansh/15min","Hi Irina,

No worries if this slipped past — reaching out again in case it's useful. I can have a free demo homepage for Furniture of America Texas ready in a day or two if you'd like to see it before we talk about anything.

Shriyansh
Furviou · furviou.com","Hi Irina,

Most furniture businesses we work with see it in fewer people bouncing off the site and more inquiries actually coming through. Want me to put together the free demo for Furniture of America Texas so you can judge it for yourself?

Shriyansh
Furviou · furviou.com","Hi Irina,

Didn't want to keep filling your inbox — I'll stop here. If Furniture of America Texas's site ever moves up the priority list, I'm happy to send that free demo whenever it's useful: https://cal.com/whoshriyansh/15min

Shriyansh
Furviou · furviou.com"
Dora Party Rental and decorations,Party equipment rental,Party equipment rental service,+1 786-879-2396,dorapartyrental@gmail.com,,,"Miami, FL",4.3,33.0,dorapartyrentals.com,no analytics/tag manager; no fb pixel,Medium,7.0,,Dora Party Rental and decorations's site could be costing you bookings,"Hi there,

I came across Dora Party Rental and decorations while looking at top event rental options in Miami — 4.3 stars, 33 reviews, clearly well-run. The website (dorapartyrentals.com) looks like it hasn't been updated in a while though, and that's usually the first thing that makes new customers hesitate.

I'm Shriyansh, founder of Furviou — we build fast, modern sites for local businesses. I'd like to put together a free demo redesign of Dora Party Rental and decorations's homepage, no strings attached.

Want me to send it over?

Shriyansh Kumar Lohia
Founder — Furviou
furviou.com
Book a 15-min call: https://cal.com/whoshriyansh/15min","Hi there,

Just bumping this up in case it got buried. I already have a rough idea of what a cleaner homepage for Dora Party Rental and decorations could look like — happy to send the demo over first so you can judge it on its own, no pressure to reply either way.

Shriyansh
Furviou · furviou.com","Hi there,

We recently redesigned sites for a few other event rental businesses and it made a real difference in how they show up to new customers. Happy to share examples alongside the free demo for Dora Party Rental and decorations if that's useful.

15 minutes is enough to walk through it if you're open to it: https://cal.com/whoshriyansh/15min

Shriyansh
Furviou · furviou.com","Hi there,

I'll leave it here for now — if a faster, more modern site for Dora Party Rental and decorations becomes a priority later, happy to help whenever that is. You can always grab 15 minutes here: https://cal.com/whoshriyansh/15min

All the best,
Shriyansh
Furviou · furviou.com"
Five Star Party & Event Rentals,Party equipment rental,Party equipment rental service,+1 830-896-0282,five_star_party@yahoo.com,,,"Kerrville, TX",5.0,15.0,fivestarpartyrental.com,no analytics/tag manager; no fb pixel,Medium,6.9,,a faster site for Five Star Party & Event Rentals,"Hi there,

Five Star Party & Event Rentals has a great reputation in Kerrville (5.0 stars, 15 reviews) but the current site doesn't reflect that yet. A dated site is often the one thing quietly costing a well-reviewed business new bookings.

I'm Shriyansh, founder of Furviou. I build modern, fast websites for local event rental businesses — happy to send a free demo redesign for Five Star Party & Event Rentals so you can see it before deciding on anything.

Open to a quick look?

Shriyansh Kumar Lohia
Founder — Furviou
furviou.com
Book a 15-min call: https://cal.com/whoshriyansh/15min","Hi there,

No worries if this slipped past — reaching out again in case it's useful. I can have a free demo homepage for Five Star Party & Event Rentals ready in a day or two if you'd like to see it before we talk about anything.

Shriyansh
Furviou · furviou.com","Hi there,

Most event rental businesses we work with see it in fewer people bouncing off the site and more inquiries actually coming through. Want me to put together the free demo for Five Star Party & Event Rentals so you can judge it for yourself?

Shriyansh
Furviou · furviou.com","Hi there,

Didn't want to keep filling your inbox — I'll stop here. If Five Star Party & Event Rentals's site ever moves up the priority list, I'm happy to send that free demo whenever it's useful: https://cal.com/whoshriyansh/15min

Shriyansh
Furviou · furviou.com"
Eventures Party Rentals,Party equipment rental,Party equipment rental service,+1 479-444-7526,sales.eventures@gmail.com,,,"Springdale, AR",4.1,31.0,randalevents.com,no analytics/tag manager; no fb pixel,Medium,6.9,,quick redesign idea for Eventures Party Rentals,"Hi there,

I came across Eventures Party Rentals while looking at top event rental options in Springdale — 4.1 stars, 31 reviews, clearly well-run. The website (randalevents.com) looks like it hasn't been updated in a while though, and that's usually the first thing that makes new customers hesitate.

I'm Shriyansh, founder of Furviou — we build fast, modern sites for local businesses. I'd like to put together a free demo redesign of Eventures Party Rentals's homepage, no strings attached.

Want me to send it over?

Shriyansh Kumar Lohia
Founder — Furviou
furviou.com
Book a 15-min call: https://cal.com/whoshriyansh/15min","Hi there,

Just bumping this up in case it got buried. I already have a rough idea of what a cleaner homepage for Eventures Party Rentals could look like — happy to send the demo over first so you can judge it on its own, no pressure to reply either way.

Shriyansh
Furviou · furviou.com","Hi there,

We recently redesigned sites for a few other event rental businesses and it made a real difference in how they show up to new customers. Happy to share examples alongside the free demo for Eventures Party Rentals if that's useful.

15 minutes is enough to walk through it if you're open to it: https://cal.com/whoshriyansh/15min

Shriyansh
Furviou · furviou.com","Hi there,

I'll leave it here for now — if a faster, more modern site for Eventures Party Rentals becomes a priority later, happy to help whenever that is. You can always grab 15 minutes here: https://cal.com/whoshriyansh/15min

All the best,
Shriyansh
Furviou · furviou.com"
Rent 4 Party Dallas,Party equipment rental,Party equipment rental service,+1 469-335-9201,info@rent4partydallas.com,,,"Dallas, TX",4.7,14.0,rent4partydallas.com,no analytics/tag manager; no fb pixel,Medium,6.9,,Rent 4 Party Dallas's site could be costing you bookings,"Hi there,

Rent 4 Party Dallas has a great reputation in Dallas (4.7 stars, 14 reviews) but the current site doesn't reflect that yet. A dated site is often the one thing quietly costing a well-reviewed business new bookings.

I'm Shriyansh, founder of Furviou. I build modern, fast websites for local event rental businesses — happy to send a free demo redesign for Rent 4 Party Dallas so you can see it before deciding on anything.

Open to a quick look?

Shriyansh Kumar Lohia
Founder — Furviou
furviou.com
Book a 15-min call: https://cal.com/whoshriyansh/15min","Hi there,

No worries if this slipped past — reaching out again in case it's useful. I can have a free demo homepage for Rent 4 Party Dallas ready in a day or two if you'd like to see it before we talk about anything.

Shriyansh
Furviou · furviou.com","Hi there,

Most event rental businesses we work with see it in fewer people bouncing off the site and more inquiries actually coming through. Want me to put together the free demo for Rent 4 Party Dallas so you can judge it for yourself?

Shriyansh
Furviou · furviou.com","Hi there,

Didn't want to keep filling your inbox — I'll stop here. If Rent 4 Party Dallas's site ever moves up the priority list, I'm happy to send that free demo whenever it's useful: https://cal.com/whoshriyansh/15min

Shriyansh
Furviou · furviou.com"
Brendle Rentals,Party equipment rental,Party equipment rental service,+1 334-279-7368,natalie@brendlerentals.com,Ms Natalie Brendle,,"Montgomery, AL",3.5,58.0,brendlerentals.com,no analytics/tag manager; no fb pixel,Medium,6.8,,a faster site for Brendle Rentals,"Hi Ms,

I came across Brendle Rentals while looking at top event rental options in Montgomery — 3.5 stars, 58 reviews, clearly well-run. The website (brendlerentals.com) looks like it hasn't been updated in a while though, and that's usually the first thing that makes new customers hesitate.

I'm Shriyansh, founder of Furviou — we build fast, modern sites for local businesses. I'd like to put together a free demo redesign of Brendle Rentals's homepage, no strings attached.

Want me to send it over?

Shriyansh Kumar Lohia
Founder — Furviou
furviou.com
Book a 15-min call: https://cal.com/whoshriyansh/15min","Hi Ms,

Just bumping this up in case it got buried. I already have a rough idea of what a cleaner homepage for Brendle Rentals could look like — happy to send the demo over first so you can judge it on its own, no pressure to reply either way.

Shriyansh
Furviou · furviou.com","Hi Ms,

We recently redesigned sites for a few other event rental businesses and it made a real difference in how they show up to new customers. Happy to share examples alongside the free demo for Brendle Rentals if that's useful.

15 minutes is enough to walk through it if you're open to it: https://cal.com/whoshriyansh/15min

Shriyansh
Furviou · furviou.com","Hi Ms,

I'll leave it here for now — if a faster, more modern site for Brendle Rentals becomes a priority later, happy to help whenever that is. You can always grab 15 minutes here: https://cal.com/whoshriyansh/15min

All the best,
Shriyansh
Furviou · furviou.com"
Jones Furniture,Furniture wholesaler,Furniture store,+1 520-836-8720,contact@sansoxygen.com,,,"Casa Grande, AZ",4.3,22.0,jonesfurnitureaz.com,no analytics/tag manager; no fb pixel,Medium,6.7,,quick redesign idea for Jones Furniture,"Hi there,

Jones Furniture has a great reputation in Casa Grande (4.3 stars, 22 reviews) but the current site doesn't reflect that yet. A dated site is often the one thing quietly costing a well-reviewed business new bookings.

I'm Shriyansh, founder of Furviou. I build modern, fast websites for local furniture businesses — happy to send a free demo redesign for Jones Furniture so you can see it before deciding on anything.

Open to a quick look?

Shriyansh Kumar Lohia
Founder — Furviou
furviou.com
Book a 15-min call: https://cal.com/whoshriyansh/15min","Hi there,

No worries if this slipped past — reaching out again in case it's useful. I can have a free demo homepage for Jones Furniture ready in a day or two if you'd like to see it before we talk about anything.

Shriyansh
Furviou · furviou.com","Hi there,

Most furniture businesses we work with see it in fewer people bouncing off the site and more inquiries actually coming through. Want me to put together the free demo for Jones Furniture so you can judge it for yourself?

Shriyansh
Furviou · furviou.com","Hi there,

Didn't want to keep filling your inbox — I'll stop here. If Jones Furniture's site ever moves up the priority list, I'm happy to send that free demo whenever it's useful: https://cal.com/whoshriyansh/15min

Shriyansh
Furviou · furviou.com"
Party! Dallas,Party equipment rental,Party equipment rental service,+1 214-635-3710,hello@partydallas.com,,,"Dallas, TX",4.6,10.0,partydallas.com,no analytics/tag manager; no fb pixel,Medium,6.7,,Party! Dallas's site could be costing you bookings,"Hi there,

I came across Party! Dallas while looking at top event rental options in Dallas — 4.6 stars, 10 reviews, clearly well-run. The website (partydallas.com) looks like it hasn't been updated in a while though, and that's usually the first thing that makes new customers hesitate.

I'm Shriyansh, founder of Furviou — we build fast, modern sites for local businesses. I'd like to put together a free demo redesign of Party! Dallas's homepage, no strings attached.

Want me to send it over?

Shriyansh Kumar Lohia
Founder — Furviou
furviou.com
Book a 15-min call: https://cal.com/whoshriyansh/15min","Hi there,

Just bumping this up in case it got buried. I already have a rough idea of what a cleaner homepage for Party! Dallas could look like — happy to send the demo over first so you can judge it on its own, no pressure to reply either way.

Shriyansh
Furviou · furviou.com","Hi there,

We recently redesigned sites for a few other event rental businesses and it made a real difference in how they show up to new customers. Happy to share examples alongside the free demo for Party! Dallas if that's useful.

15 minutes is enough to walk through it if you're open to it: https://cal.com/whoshriyansh/15min

Shriyansh
Furviou · furviou.com","Hi there,

I'll leave it here for now — if a faster, more modern site for Party! Dallas becomes a priority later, happy to help whenever that is. You can always grab 15 minutes here: https://cal.com/whoshriyansh/15min

All the best,
Shriyansh
Furviou · furviou.com"
Total AZ Wholesale,Furniture wholesaler,Furniture wholesaler,+1 480-549-7820,support@totalaz.com,,,"Phoenix, AZ",4.6,10.0,totalaz.com,no analytics/tag manager; no fb pixel,Medium,6.7,,a faster site for Total AZ Wholesale,"Hi there,

Total AZ Wholesale has a great reputation in Phoenix (4.6 stars, 10 reviews) but the current site doesn't reflect that yet. A dated site is often the one thing quietly costing a well-reviewed business new bookings.

I'm Shriyansh, founder of Furviou. I build modern, fast websites for local furniture businesses — happy to send a free demo redesign for Total AZ Wholesale so you can see it before deciding on anything.

Open to a quick look?

Shriyansh Kumar Lohia
Founder — Furviou
furviou.com
Book a 15-min call: https://cal.com/whoshriyansh/15min","Hi there,

No worries if this slipped past — reaching out again in case it's useful. I can have a free demo homepage for Total AZ Wholesale ready in a day or two if you'd like to see it before we talk about anything.

Shriyansh
Furviou · furviou.com","Hi there,

Most furniture businesses we work with see it in fewer people bouncing off the site and more inquiries actually coming through. Want me to put together the free demo for Total AZ Wholesale so you can judge it for yourself?

Shriyansh
Furviou · furviou.com","Hi there,

Didn't want to keep filling your inbox — I'll stop here. If Total AZ Wholesale's site ever moves up the priority list, I'm happy to send that free demo whenever it's useful: https://cal.com/whoshriyansh/15min

Shriyansh
Furviou · furviou.com"
Perch Event Decor,Party equipment rental,Furniture rental service,+1 214-663-8007,kathy@perchdecor.com,Kathy Klingaman,co-founder,"Dallas, TX",4.4,21.0,perchdecor.com,no analytics/tag manager; no fb pixel,Medium,6.6,,quick redesign idea for Perch Event Decor,"Hi Kathy,

I came across Perch Event Decor while looking at top furniture options in Dallas — 4.4 stars, 21 reviews, clearly well-run. The website (perchdecor.com) looks like it hasn't been updated in a while though, and that's usually the first thing that makes new customers hesitate.

I'm Shriyansh, founder of Furviou — we build fast, modern sites for local businesses. I'd like to put together a free demo redesign of Perch Event Decor's homepage, no strings attached.

Want me to send it over?

Shriyansh Kumar Lohia
Founder — Furviou
furviou.com
Book a 15-min call: https://cal.com/whoshriyansh/15min","Hi Kathy,

Just bumping this up in case it got buried. I already have a rough idea of what a cleaner homepage for Perch Event Decor could look like — happy to send the demo over first so you can judge it on its own, no pressure to reply either way.

Shriyansh
Furviou · furviou.com","Hi Kathy,

We recently redesigned sites for a few other furniture businesses and it made a real difference in how they show up to new customers. Happy to share examples alongside the free demo for Perch Event Decor if that's useful.

15 minutes is enough to walk through it if you're open to it: https://cal.com/whoshriyansh/15min

Shriyansh
Furviou · furviou.com","Hi Kathy,

I'll leave it here for now — if a faster, more modern site for Perch Event Decor becomes a priority later, happy to help whenever that is. You can always grab 15 minutes here: https://cal.com/whoshriyansh/15min

All the best,
Shriyansh
Furviou · furviou.com"
El Paso Diamond Events LLC,Party equipment rental,Servicio de alquiler de equipos para fiestas,+1 915-233-0341,sales@elpasodiamondevents.com,,,"El Paso, TX",5.0,9.0,epdiamondevents.com,no analytics/tag manager; no fb pixel,Medium,6.6,,El Paso Diamond Events LLC's site could be costing you bookings,"Hi there,

El Paso Diamond Events LLC has a great reputation in El Paso (5.0 stars, 9 reviews) but the current site doesn't reflect that yet. A dated site is often the one thing quietly costing a well-reviewed business new bookings.

I'm Shriyansh, founder of Furviou. I build modern, fast websites for local event rental businesses — happy to send a free demo redesign for El Paso Diamond Events LLC so you can see it before deciding on anything.

Open to a quick look?

Shriyansh Kumar Lohia
Founder — Furviou
furviou.com
Book a 15-min call: https://cal.com/whoshriyansh/15min","Hi there,

No worries if this slipped past — reaching out again in case it's useful. I can have a free demo homepage for El Paso Diamond Events LLC ready in a day or two if you'd like to see it before we talk about anything.

Shriyansh
Furviou · furviou.com","Hi there,

Most event rental businesses we work with see it in fewer people bouncing off the site and more inquiries actually coming through. Want me to put together the free demo for El Paso Diamond Events LLC so you can judge it for yourself?

Shriyansh
Furviou · furviou.com","Hi there,

Didn't want to keep filling your inbox — I'll stop here. If El Paso Diamond Events LLC's site ever moves up the priority list, I'm happy to send that free demo whenever it's useful: https://cal.com/whoshriyansh/15min

Shriyansh
Furviou · furviou.com"
Party Rentals of Texas,Party equipment rental,Party equipment rental service,+1 512-931-4742,partyrentalsoftexas@gmail.com,,,"Pflugerville, TX",4.0,19.0,partyrentalsoftexas.com,no analytics/tag manager; no fb pixel,Medium,6.6,,a faster site for Party Rentals of Texas,"Hi there,

I came across Party Rentals of Texas while looking at top event rental options in Pflugerville — 4.0 stars, 19 reviews, clearly well-run. The website (partyrentalsoftexas.com) looks like it hasn't been updated in a while though, and that's usually the first thing that makes new customers hesitate.

I'm Shriyansh, founder of Furviou — we build fast, modern sites for local businesses. I'd like to put together a free demo redesign of Party Rentals of Texas's homepage, no strings attached.

Want me to send it over?

Shriyansh Kumar Lohia
Founder — Furviou
furviou.com
Book a 15-min call: https://cal.com/whoshriyansh/15min","Hi there,

Just bumping this up in case it got buried. I already have a rough idea of what a cleaner homepage for Party Rentals of Texas could look like — happy to send the demo over first so you can judge it on its own, no pressure to reply either way.

Shriyansh
Furviou · furviou.com","Hi there,

We recently redesigned sites for a few other event rental businesses and it made a real difference in how they show up to new customers. Happy to share examples alongside the free demo for Party Rentals of Texas if that's useful.

15 minutes is enough to walk through it if you're open to it: https://cal.com/whoshriyansh/15min

Shriyansh
Furviou · furviou.com","Hi there,

I'll leave it here for now — if a faster, more modern site for Party Rentals of Texas becomes a priority later, happy to help whenever that is. You can always grab 15 minutes here: https://cal.com/whoshriyansh/15min

All the best,
Shriyansh
Furviou · furviou.com"
Churchill Furniture Rental,Party equipment rental,Furniture rental service,+1 212-686-0444,m.pooley@churchillcorp.com,Mark Pooley,,"New York, NY",3.1,19.0,furniturerent.com,no analytics/tag manager; no fb pixel; no builder detected (likely static/neglected),Medium,6.6,,quick redesign idea for Churchill Furniture Rental,"Hi Mark,

Churchill Furniture Rental has a great reputation in New York (3.1 stars, 19 reviews) but the current site doesn't reflect that yet. A dated site is often the one thing quietly costing a well-reviewed business new bookings.

I'm Shriyansh, founder of Furviou. I build modern, fast websites for local furniture businesses — happy to send a free demo redesign for Churchill Furniture Rental so you can see it before deciding on anything.

Open to a quick look?

Shriyansh Kumar Lohia
Founder — Furviou
furviou.com
Book a 15-min call: https://cal.com/whoshriyansh/15min","Hi Mark,

No worries if this slipped past — reaching out again in case it's useful. I can have a free demo homepage for Churchill Furniture Rental ready in a day or two if you'd like to see it before we talk about anything.

Shriyansh
Furviou · furviou.com","Hi Mark,

Most furniture businesses we work with see it in fewer people bouncing off the site and more inquiries actually coming through. Want me to put together the free demo for Churchill Furniture Rental so you can judge it for yourself?

Shriyansh
Furviou · furviou.com","Hi Mark,

Didn't want to keep filling your inbox — I'll stop here. If Churchill Furniture Rental's site ever moves up the priority list, I'm happy to send that free demo whenever it's useful: https://cal.com/whoshriyansh/15min

Shriyansh
Furviou · furviou.com"
Matador Furniture Rental,Party equipment rental,Furniture rental service,+1 806-791-4774,manager@matadorfurniturerental.com,,,"Lubbock, TX",4.4,17.0,matadorfurniturerental.com,no analytics/tag manager; no fb pixel,Medium,6.5,,Matador Furniture Rental's site could be costing you bookings,"Hi there,

I came across Matador Furniture Rental while looking at top furniture options in Lubbock — 4.4 stars, 17 reviews, clearly well-run. The website (matadorfurniturerental.com) looks like it hasn't been updated in a while though, and that's usually the first thing that makes new customers hesitate.

I'm Shriyansh, founder of Furviou — we build fast, modern sites for local businesses. I'd like to put together a free demo redesign of Matador Furniture Rental's homepage, no strings attached.

Want me to send it over?

Shriyansh Kumar Lohia
Founder — Furviou
furviou.com
Book a 15-min call: https://cal.com/whoshriyansh/15min","Hi there,

Just bumping this up in case it got buried. I already have a rough idea of what a cleaner homepage for Matador Furniture Rental could look like — happy to send the demo over first so you can judge it on its own, no pressure to reply either way.

Shriyansh
Furviou · furviou.com","Hi there,

We recently redesigned sites for a few other furniture businesses and it made a real difference in how they show up to new customers. Happy to share examples alongside the free demo for Matador Furniture Rental if that's useful.

15 minutes is enough to walk through it if you're open to it: https://cal.com/whoshriyansh/15min

Shriyansh
Furviou · furviou.com","Hi there,

I'll leave it here for now — if a faster, more modern site for Matador Furniture Rental becomes a priority later, happy to help whenever that is. You can always grab 15 minutes here: https://cal.com/whoshriyansh/15min

All the best,
Shriyansh
Furviou · furviou.com"
Longleaf Event Rentals,Party equipment rental,Party equipment rental service,+1 850-483-0818,kellianne@longleafevents.com,,,"Inlet Beach, FL",5.0,7.0,longleafevents.com,no analytics/tag manager; no fb pixel,Medium,6.4,,a faster site for Longleaf Event Rentals,"Hi there,

Longleaf Event Rentals has a great reputation in Inlet Beach (5.0 stars, 7 reviews) but the current site doesn't reflect that yet. A dated site is often the one thing quietly costing a well-reviewed business new bookings.

I'm Shriyansh, founder of Furviou. I build modern, fast websites for local event rental businesses — happy to send a free demo redesign for Longleaf Event Rentals so you can see it before deciding on anything.

Open to a quick look?

Shriyansh Kumar Lohia
Founder — Furviou
furviou.com
Book a 15-min call: https://cal.com/whoshriyansh/15min","Hi there,

No worries if this slipped past — reaching out again in case it's useful. I can have a free demo homepage for Longleaf Event Rentals ready in a day or two if you'd like to see it before we talk about anything.

Shriyansh
Furviou · furviou.com","Hi there,

Most event rental businesses we work with see it in fewer people bouncing off the site and more inquiries actually coming through. Want me to put together the free demo for Longleaf Event Rentals so you can judge it for yourself?

Shriyansh
Furviou · furviou.com","Hi there,

Didn't want to keep filling your inbox — I'll stop here. If Longleaf Event Rentals's site ever moves up the priority list, I'm happy to send that free demo whenever it's useful: https://cal.com/whoshriyansh/15min

Shriyansh
Furviou · furviou.com"
Alexander Tent Rentals Inc,Party equipment rental,Tent rental service,+1 972-247-8556,patricia_g_1@yahoo.com,Patricia Gonzalez,manager,"Dallas, TX",4.4,14.0,alexandertent.com,no analytics/tag manager; no fb pixel,Medium,6.4,,quick redesign idea for Alexander Tent Rentals Inc,"Hi Patricia,

I came across Alexander Tent Rentals Inc while looking at top event rental options in Dallas — 4.4 stars, 14 reviews, clearly well-run. The website (alexandertent.com) looks like it hasn't been updated in a while though, and that's usually the first thing that makes new customers hesitate.

I'm Shriyansh, founder of Furviou — we build fast, modern sites for local businesses. I'd like to put together a free demo redesign of Alexander Tent Rentals Inc's homepage, no strings attached.

Want me to send it over?

Shriyansh Kumar Lohia
Founder — Furviou
furviou.com
Book a 15-min call: https://cal.com/whoshriyansh/15min","Hi Patricia,

Just bumping this up in case it got buried. I already have a rough idea of what a cleaner homepage for Alexander Tent Rentals Inc could look like — happy to send the demo over first so you can judge it on its own, no pressure to reply either way.

Shriyansh
Furviou · furviou.com","Hi Patricia,

We recently redesigned sites for a few other event rental businesses and it made a real difference in how they show up to new customers. Happy to share examples alongside the free demo for Alexander Tent Rentals Inc if that's useful.

15 minutes is enough to walk through it if you're open to it: https://cal.com/whoshriyansh/15min

Shriyansh
Furviou · furviou.com","Hi Patricia,

I'll leave it here for now — if a faster, more modern site for Alexander Tent Rentals Inc becomes a priority later, happy to help whenever that is. You can always grab 15 minutes here: https://cal.com/whoshriyansh/15min

All the best,
Shriyansh
Furviou · furviou.com"
Modern Event Rental,Party equipment rental,Party equipment rental service,+1 713-489-7402,rentals@moderneventrental.com,,,"Houston, TX",4.8,6.0,moderneventrentaltx.com,no analytics/tag manager; no fb pixel,Medium,6.4,,Modern Event Rental's site could be costing you bookings,"Hi there,

Modern Event Rental has a great reputation in Houston (4.8 stars, 6 reviews) but the current site doesn't reflect that yet. A dated site is often the one thing quietly costing a well-reviewed business new bookings.

I'm Shriyansh, founder of Furviou. I build modern, fast websites for local event rental businesses — happy to send a free demo redesign for Modern Event Rental so you can see it before deciding on anything.

Open to a quick look?

Shriyansh Kumar Lohia
Founder — Furviou
furviou.com
Book a 15-min call: https://cal.com/whoshriyansh/15min","Hi there,

No worries if this slipped past — reaching out again in case it's useful. I can have a free demo homepage for Modern Event Rental ready in a day or two if you'd like to see it before we talk about anything.

Shriyansh
Furviou · furviou.com","Hi there,

Most event rental businesses we work with see it in fewer people bouncing off the site and more inquiries actually coming through. Want me to put together the free demo for Modern Event Rental so you can judge it for yourself?

Shriyansh
Furviou · furviou.com","Hi there,

Didn't want to keep filling your inbox — I'll stop here. If Modern Event Rental's site ever moves up the priority list, I'm happy to send that free demo whenever it's useful: https://cal.com/whoshriyansh/15min

Shriyansh
Furviou · furviou.com"
El Paso Event Rental | Party Rentals El Paso,Party equipment rental,Party equipment rental service,+1 915-248-8506,elpasoeventrental@gmail.com,,,"El Paso, TX",4.1,13.0,elpasoeventrental.com,no analytics/tag manager; no fb pixel,Medium,6.3,,a faster site for El Paso Event Rental | Party Rentals El Paso,"Hi there,

I came across El Paso Event Rental | Party Rentals El Paso while looking at top event rental options in El Paso — 4.1 stars, 13 reviews, clearly well-run. The website (elpasoeventrental.com) looks like it hasn't been updated in a while though, and that's usually the first thing that makes new customers hesitate.

I'm Shriyansh, founder of Furviou — we build fast, modern sites for local businesses. I'd like to put together a free demo redesign of El Paso Event Rental | Party Rentals El Paso's homepage, no strings attached.

Want me to send it over?

Shriyansh Kumar Lohia
Founder — Furviou
furviou.com
Book a 15-min call: https://cal.com/whoshriyansh/15min","Hi there,

Just bumping this up in case it got buried. I already have a rough idea of what a cleaner homepage for El Paso Event Rental | Party Rentals El Paso could look like — happy to send the demo over first so you can judge it on its own, no pressure to reply either way.

Shriyansh
Furviou · furviou.com","Hi there,

We recently redesigned sites for a few other event rental businesses and it made a real difference in how they show up to new customers. Happy to share examples alongside the free demo for El Paso Event Rental | Party Rentals El Paso if that's useful.

15 minutes is enough to walk through it if you're open to it: https://cal.com/whoshriyansh/15min

Shriyansh
Furviou · furviou.com","Hi there,

I'll leave it here for now — if a faster, more modern site for El Paso Event Rental | Party Rentals El Paso becomes a priority later, happy to help whenever that is. You can always grab 15 minutes here: https://cal.com/whoshriyansh/15min

All the best,
Shriyansh
Furviou · furviou.com"
AFR Furniture Rental,Party equipment rental,Furniture rental service,+1 972-400-4233,houseofgregor@earthlink.net,Stephen Mcgregor,national account manager,"Arlington, TX",4.4,13.0,rentfurniture.com,no analytics/tag manager; no fb pixel,Medium,6.3,,quick redesign idea for AFR Furniture Rental,"Hi Stephen,

AFR Furniture Rental has a great reputation in Arlington (4.4 stars, 13 reviews) but the current site doesn't reflect that yet. A dated site is often the one thing quietly costing a well-reviewed business new bookings.

I'm Shriyansh, founder of Furviou. I build modern, fast websites for local furniture businesses — happy to send a free demo redesign for AFR Furniture Rental so you can see it before deciding on anything.

Open to a quick look?

Shriyansh Kumar Lohia
Founder — Furviou
furviou.com
Book a 15-min call: https://cal.com/whoshriyansh/15min","Hi Stephen,

No worries if this slipped past — reaching out again in case it's useful. I can have a free demo homepage for AFR Furniture Rental ready in a day or two if you'd like to see it before we talk about anything.

Shriyansh
Furviou · furviou.com","Hi Stephen,

Most furniture businesses we work with see it in fewer people bouncing off the site and more inquiries actually coming through. Want me to put together the free demo for AFR Furniture Rental so you can judge it for yourself?

Shriyansh
Furviou · furviou.com","Hi Stephen,

Didn't want to keep filling your inbox — I'll stop here. If AFR Furniture Rental's site ever moves up the priority list, I'm happy to send that free demo whenever it's useful: https://cal.com/whoshriyansh/15min

Shriyansh
Furviou · furviou.com"
Party Pro Rents,Party equipment rental,Party equipment rental service,+1 479-659-9735,melanie@partyprorents.com,Melanie Lemons,party pro rents and five oaks lodge,"Springdale, AR",3.2,11.0,partyprorents.com,no analytics/tag manager; no fb pixel; no builder detected (likely static/neglected),Medium,6.2,,Party Pro Rents's site could be costing you bookings,"Hi Melanie,

I came across Party Pro Rents while looking at top event rental options in Springdale — 3.2 stars, 11 reviews, clearly well-run. The website (partyprorents.com) looks like it hasn't been updated in a while though, and that's usually the first thing that makes new customers hesitate.

I'm Shriyansh, founder of Furviou — we build fast, modern sites for local businesses. I'd like to put together a free demo redesign of Party Pro Rents's homepage, no strings attached.

Want me to send it over?

Shriyansh Kumar Lohia
Founder — Furviou
furviou.com
Book a 15-min call: https://cal.com/whoshriyansh/15min","Hi Melanie,

Just bumping this up in case it got buried. I already have a rough idea of what a cleaner homepage for Party Pro Rents could look like — happy to send the demo over first so you can judge it on its own, no pressure to reply either way.

Shriyansh
Furviou · furviou.com","Hi Melanie,

We recently redesigned sites for a few other event rental businesses and it made a real difference in how they show up to new customers. Happy to share examples alongside the free demo for Party Pro Rents if that's useful.

15 minutes is enough to walk through it if you're open to it: https://cal.com/whoshriyansh/15min

Shriyansh
Furviou · furviou.com","Hi Melanie,

I'll leave it here for now — if a faster, more modern site for Party Pro Rents becomes a priority later, happy to help whenever that is. You can always grab 15 minutes here: https://cal.com/whoshriyansh/15min

All the best,
Shriyansh
Furviou · furviou.com"
International Design Source,Furniture wholesaler,Furniture wholesaler,+1 239-591-1114,linda.moore@jardindeville.com,Linda Moore,hickory chair showroom specialist,"Naples, FL",5.0,4.0,ids1.com,no analytics/tag manager; no fb pixel,Medium,6.1,,a faster site for International Design Source,"Hi Linda,

International Design Source has a great reputation in Naples (5.0 stars, 4 reviews) but the current site doesn't reflect that yet. A dated site is often the one thing quietly costing a well-reviewed business new bookings.

I'm Shriyansh, founder of Furviou. I build modern, fast websites for local furniture businesses — happy to send a free demo redesign for International Design Source so you can see it before deciding on anything.

Open to a quick look?

Shriyansh Kumar Lohia
Founder — Furviou
furviou.com
Book a 15-min call: https://cal.com/whoshriyansh/15min","Hi Linda,

No worries if this slipped past — reaching out again in case it's useful. I can have a free demo homepage for International Design Source ready in a day or two if you'd like to see it before we talk about anything.

Shriyansh
Furviou · furviou.com","Hi Linda,

Most furniture businesses we work with see it in fewer people bouncing off the site and more inquiries actually coming through. Want me to put together the free demo for International Design Source so you can judge it for yourself?

Shriyansh
Furviou · furviou.com","Hi Linda,

Didn't want to keep filling your inbox — I'll stop here. If International Design Source's site ever moves up the priority list, I'm happy to send that free demo whenever it's useful: https://cal.com/whoshriyansh/15min

Shriyansh
Furviou · furviou.com"
Ryan's Party Rentals LLC.,Party equipment rental,Party equipment rental service,+1 619-972-7345,rentryans@gmail.com,,,"Georgetown, TX",5.0,4.0,rentryans.com,no analytics/tag manager; no fb pixel,Medium,6.1,,quick redesign idea for Ryan's Party Rentals LLC.,"Hi there,

I came across Ryan's Party Rentals LLC. while looking at top event rental options in Georgetown — 5.0 stars, 4 reviews, clearly well-run. The website (rentryans.com) looks like it hasn't been updated in a while though, and that's usually the first thing that makes new customers hesitate.

I'm Shriyansh, founder of Furviou — we build fast, modern sites for local businesses. I'd like to put together a free demo redesign of Ryan's Party Rentals LLC.'s homepage, no strings attached.

Want me to send it over?

Shriyansh Kumar Lohia
Founder — Furviou
furviou.com
Book a 15-min call: https://cal.com/whoshriyansh/15min","Hi there,

Just bumping this up in case it got buried. I already have a rough idea of what a cleaner homepage for Ryan's Party Rentals LLC. could look like — happy to send the demo over first so you can judge it on its own, no pressure to reply either way.

Shriyansh
Furviou · furviou.com","Hi there,

We recently redesigned sites for a few other event rental businesses and it made a real difference in how they show up to new customers. Happy to share examples alongside the free demo for Ryan's Party Rentals LLC. if that's useful.

15 minutes is enough to walk through it if you're open to it: https://cal.com/whoshriyansh/15min

Shriyansh
Furviou · furviou.com","Hi there,

I'll leave it here for now — if a faster, more modern site for Ryan's Party Rentals LLC. becomes a priority later, happy to help whenever that is. You can always grab 15 minutes here: https://cal.com/whoshriyansh/15min

All the best,
Shriyansh
Furviou · furviou.com"
Backwoods Party Rentals,Party equipment rental,Party equipment rental service,+1 361-236-2663,derick@txbackwoods.com,,,"Victoria, TX",5.0,3.0,backwoodsparty.com,no analytics/tag manager; no fb pixel,Low,6.0,,Backwoods Party Rentals's site could be costing you bookings,"Hi there,

Backwoods Party Rentals has a great reputation in Victoria (5.0 stars, 3 reviews) but the current site doesn't reflect that yet. A dated site is often the one thing quietly costing a well-reviewed business new bookings.

I'm Shriyansh, founder of Furviou. I build modern, fast websites for local event rental businesses — happy to send a free demo redesign for Backwoods Party Rentals so you can see it before deciding on anything.

Open to a quick look?

Shriyansh Kumar Lohia
Founder — Furviou
furviou.com
Book a 15-min call: https://cal.com/whoshriyansh/15min","Hi there,

No worries if this slipped past — reaching out again in case it's useful. I can have a free demo homepage for Backwoods Party Rentals ready in a day or two if you'd like to see it before we talk about anything.

Shriyansh
Furviou · furviou.com","Hi there,

Most event rental businesses we work with see it in fewer people bouncing off the site and more inquiries actually coming through. Want me to put together the free demo for Backwoods Party Rentals so you can judge it for yourself?

Shriyansh
Furviou · furviou.com","Hi there,

Didn't want to keep filling your inbox — I'll stop here. If Backwoods Party Rentals's site ever moves up the priority list, I'm happy to send that free demo whenever it's useful: https://cal.com/whoshriyansh/15min

Shriyansh
Furviou · furviou.com"
Get this party started llc,Party equipment rental,Party equipment rental service,+1 430-302-4373,markgscs@icloud.com,,,"Kemp, TX",5.0,3.0,getthispartystarted.rentals,no analytics/tag manager; no fb pixel,Low,6.0,,a faster site for Get this party started llc,"Hi there,

I came across Get this party started llc while looking at top event rental options in Kemp — 5.0 stars, 3 reviews, clearly well-run. The website (getthispartystarted.rentals) looks like it hasn't been updated in a while though, and that's usually the first thing that makes new customers hesitate.

I'm Shriyansh, founder of Furviou — we build fast, modern sites for local businesses. I'd like to put together a free demo redesign of Get this party started llc's homepage, no strings attached.

Want me to send it over?

Shriyansh Kumar Lohia
Founder — Furviou
furviou.com
Book a 15-min call: https://cal.com/whoshriyansh/15min","Hi there,

Just bumping this up in case it got buried. I already have a rough idea of what a cleaner homepage for Get this party started llc could look like — happy to send the demo over first so you can judge it on its own, no pressure to reply either way.

Shriyansh
Furviou · furviou.com","Hi there,

We recently redesigned sites for a few other event rental businesses and it made a real difference in how they show up to new customers. Happy to share examples alongside the free demo for Get this party started llc if that's useful.

15 minutes is enough to walk through it if you're open to it: https://cal.com/whoshriyansh/15min

Shriyansh
Furviou · furviou.com","Hi there,

I'll leave it here for now — if a faster, more modern site for Get this party started llc becomes a priority later, happy to help whenever that is. You can always grab 15 minutes here: https://cal.com/whoshriyansh/15min

All the best,
Shriyansh
Furviou · furviou.com"
Bedroom Distributors,Furniture wholesaler,Furniture wholesaler,+1 817-923-5010,chad@doncotradingco.com,chad crump,purchasing manager,"Fort Worth, TX",4.3,6.0,doncotradingco.com,no analytics/tag manager; no fb pixel,Low,5.9,,quick redesign idea for Bedroom Distributors,"Hi chad,

Bedroom Distributors has a great reputation in Fort Worth (4.3 stars, 6 reviews) but the current site doesn't reflect that yet. A dated site is often the one thing quietly costing a well-reviewed business new bookings.

I'm Shriyansh, founder of Furviou. I build modern, fast websites for local furniture businesses — happy to send a free demo redesign for Bedroom Distributors so you can see it before deciding on anything.

Open to a quick look?

Shriyansh Kumar Lohia
Founder — Furviou
furviou.com
Book a 15-min call: https://cal.com/whoshriyansh/15min","Hi chad,

No worries if this slipped past — reaching out again in case it's useful. I can have a free demo homepage for Bedroom Distributors ready in a day or two if you'd like to see it before we talk about anything.

Shriyansh
Furviou · furviou.com","Hi chad,

Most furniture businesses we work with see it in fewer people bouncing off the site and more inquiries actually coming through. Want me to put together the free demo for Bedroom Distributors so you can judge it for yourself?

Shriyansh
Furviou · furviou.com","Hi chad,

Didn't want to keep filling your inbox — I'll stop here. If Bedroom Distributors's site ever moves up the priority list, I'm happy to send that free demo whenever it's useful: https://cal.com/whoshriyansh/15min

Shriyansh
Furviou · furviou.com"
Ronen Rental Event Furnishings,Party equipment rental,Furniture rental service,+1 305-985-5010,hello@ronenrental.com,,,"Miami, FL",5.0,2.0,ronenrental.com,no fb pixel; no builder detected (likely static/neglected),Low,5.8,,Ronen Rental Event Furnishings's site could be costing you bookings,"Hi there,

I came across Ronen Rental Event Furnishings while looking at top furniture options in Miami — 5.0 stars, 2 reviews, clearly well-run. The website (ronenrental.com) looks like it hasn't been updated in a while though, and that's usually the first thing that makes new customers hesitate.

I'm Shriyansh, founder of Furviou — we build fast, modern sites for local businesses. I'd like to put together a free demo redesign of Ronen Rental Event Furnishings's homepage, no strings attached.

Want me to send it over?

Shriyansh Kumar Lohia
Founder — Furviou
furviou.com
Book a 15-min call: https://cal.com/whoshriyansh/15min","Hi there,

Just bumping this up in case it got buried. I already have a rough idea of what a cleaner homepage for Ronen Rental Event Furnishings could look like — happy to send the demo over first so you can judge it on its own, no pressure to reply either way.

Shriyansh
Furviou · furviou.com","Hi there,

We recently redesigned sites for a few other furniture businesses and it made a real difference in how they show up to new customers. Happy to share examples alongside the free demo for Ronen Rental Event Furnishings if that's useful.

15 minutes is enough to walk through it if you're open to it: https://cal.com/whoshriyansh/15min

Shriyansh
Furviou · furviou.com","Hi there,

I'll leave it here for now — if a faster, more modern site for Ronen Rental Event Furnishings becomes a priority later, happy to help whenever that is. You can always grab 15 minutes here: https://cal.com/whoshriyansh/15min

All the best,
Shriyansh
Furviou · furviou.com"
Fashion Furniture Rental - Dallas Texas,Party equipment rental,Furniture rental service,+1 800-235-9030,asimkins@sees.com,April Simkins,furniture outlet store manager,"Grand Prairie, TX",5.0,2.0,fashionfurniture.com,no analytics/tag manager; no fb pixel,Low,5.8,,a faster site for Fashion Furniture Rental - Dallas Texas,"Hi April,

Fashion Furniture Rental - Dallas Texas has a great reputation in Grand Prairie (5.0 stars, 2 reviews) but the current site doesn't reflect that yet. A dated site is often the one thing quietly costing a well-reviewed business new bookings.

I'm Shriyansh, founder of Furviou. I build modern, fast websites for local furniture businesses — happy to send a free demo redesign for Fashion Furniture Rental - Dallas Texas so you can see it before deciding on anything.

Open to a quick look?

Shriyansh Kumar Lohia
Founder — Furviou
furviou.com
Book a 15-min call: https://cal.com/whoshriyansh/15min","Hi April,

No worries if this slipped past — reaching out again in case it's useful. I can have a free demo homepage for Fashion Furniture Rental - Dallas Texas ready in a day or two if you'd like to see it before we talk about anything.

Shriyansh
Furviou · furviou.com","Hi April,

Most furniture businesses we work with see it in fewer people bouncing off the site and more inquiries actually coming through. Want me to put together the free demo for Fashion Furniture Rental - Dallas Texas so you can judge it for yourself?

Shriyansh
Furviou · furviou.com","Hi April,

Didn't want to keep filling your inbox — I'll stop here. If Fashion Furniture Rental - Dallas Texas's site ever moves up the priority list, I'm happy to send that free demo whenever it's useful: https://cal.com/whoshriyansh/15min

Shriyansh
Furviou · furviou.com"
Reeko Furniture Inc,Furniture wholesaler,Furniture wholesaler,+1 901-672-7471,sales@reekofurniture.com,,,"Memphis, TN",5.0,2.0,reekofurniture.com,no analytics/tag manager; no fb pixel,Low,5.8,,quick redesign idea for Reeko Furniture Inc,"Hi there,

I came across Reeko Furniture Inc while looking at top furniture options in Memphis — 5.0 stars, 2 reviews, clearly well-run. The website (reekofurniture.com) looks like it hasn't been updated in a while though, and that's usually the first thing that makes new customers hesitate.

I'm Shriyansh, founder of Furviou — we build fast, modern sites for local businesses. I'd like to put together a free demo redesign of Reeko Furniture Inc's homepage, no strings attached.

Want me to send it over?

Shriyansh Kumar Lohia
Founder — Furviou
furviou.com
Book a 15-min call: https://cal.com/whoshriyansh/15min","Hi there,

Just bumping this up in case it got buried. I already have a rough idea of what a cleaner homepage for Reeko Furniture Inc could look like — happy to send the demo over first so you can judge it on its own, no pressure to reply either way.

Shriyansh
Furviou · furviou.com","Hi there,

We recently redesigned sites for a few other furniture businesses and it made a real difference in how they show up to new customers. Happy to share examples alongside the free demo for Reeko Furniture Inc if that's useful.

15 minutes is enough to walk through it if you're open to it: https://cal.com/whoshriyansh/15min

Shriyansh
Furviou · furviou.com","Hi there,

I'll leave it here for now — if a faster, more modern site for Reeko Furniture Inc becomes a priority later, happy to help whenever that is. You can always grab 15 minutes here: https://cal.com/whoshriyansh/15min

All the best,
Shriyansh
Furviou · furviou.com"
As Needed Party Rentals,Party equipment rental,Party equipment rental service,+1 972-870-9599,info@asneededpartyrentals.com,,,"Irving, TX",5.0,2.0,asneededpartyrentals.com,no analytics/tag manager; no fb pixel,Low,5.8,,As Needed Party Rentals's site could be costing you bookings,"Hi there,

As Needed Party Rentals has a great reputation in Irving (5.0 stars, 2 reviews) but the current site doesn't reflect that yet. A dated site is often the one thing quietly costing a well-reviewed business new bookings.

I'm Shriyansh, founder of Furviou. I build modern, fast websites for local event rental businesses — happy to send a free demo redesign for As Needed Party Rentals so you can see it before deciding on anything.

Open to a quick look?

Shriyansh Kumar Lohia
Founder — Furviou
furviou.com
Book a 15-min call: https://cal.com/whoshriyansh/15min","Hi there,

No worries if this slipped past — reaching out again in case it's useful. I can have a free demo homepage for As Needed Party Rentals ready in a day or two if you'd like to see it before we talk about anything.

Shriyansh
Furviou · furviou.com","Hi there,

Most event rental businesses we work with see it in fewer people bouncing off the site and more inquiries actually coming through. Want me to put together the free demo for As Needed Party Rentals so you can judge it for yourself?

Shriyansh
Furviou · furviou.com","Hi there,

Didn't want to keep filling your inbox — I'll stop here. If As Needed Party Rentals's site ever moves up the priority list, I'm happy to send that free demo whenever it's useful: https://cal.com/whoshriyansh/15min

Shriyansh
Furviou · furviou.com"
Tejas Equipment Rental,Party equipment rental,Equipment rental agency,+1 830-387-4252,wayne@tejasequipment.com,Wayne San,territory sales manager,"New Braunfels, TX",4.2,5.0,tejasequipment.com,no fb pixel; no builder detected (likely static/neglected),Low,5.7,,a faster site for Tejas Equipment Rental,"Hi Wayne,

I came across Tejas Equipment Rental while looking at top event rental options in New Braunfels — 4.2 stars, 5 reviews, clearly well-run. The website (tejasequipment.com) looks like it hasn't been updated in a while though, and that's usually the first thing that makes new customers hesitate.

I'm Shriyansh, founder of Furviou — we build fast, modern sites for local businesses. I'd like to put together a free demo redesign of Tejas Equipment Rental's homepage, no strings attached.

Want me to send it over?

Shriyansh Kumar Lohia
Founder — Furviou
furviou.com
Book a 15-min call: https://cal.com/whoshriyansh/15min","Hi Wayne,

Just bumping this up in case it got buried. I already have a rough idea of what a cleaner homepage for Tejas Equipment Rental could look like — happy to send the demo over first so you can judge it on its own, no pressure to reply either way.

Shriyansh
Furviou · furviou.com","Hi Wayne,

We recently redesigned sites for a few other event rental businesses and it made a real difference in how they show up to new customers. Happy to share examples alongside the free demo for Tejas Equipment Rental if that's useful.

15 minutes is enough to walk through it if you're open to it: https://cal.com/whoshriyansh/15min

Shriyansh
Furviou · furviou.com","Hi Wayne,

I'll leave it here for now — if a faster, more modern site for Tejas Equipment Rental becomes a priority later, happy to help whenever that is. You can always grab 15 minutes here: https://cal.com/whoshriyansh/15min

All the best,
Shriyansh
Furviou · furviou.com"
Jackson Manufacturing Co,Furniture wholesaler,Furniture wholesaler,+1 423-961-7381,rhodeislandmap@yahoo.com,D. K. (Kathy) Abbass,executive director and principal investigator,"Cleveland, TN",3.7,10.0,rymap.org,no analytics/tag manager; no fb pixel,Low,5.7,,quick redesign idea for Jackson Manufacturing Co,"Hi D.,

Jackson Manufacturing Co has a great reputation in Cleveland (3.7 stars, 10 reviews) but the current site doesn't reflect that yet. A dated site is often the one thing quietly costing a well-reviewed business new bookings.

I'm Shriyansh, founder of Furviou. I build modern, fast websites for local furniture businesses — happy to send a free demo redesign for Jackson Manufacturing Co so you can see it before deciding on anything.

Open to a quick look?

Shriyansh Kumar Lohia
Founder — Furviou
furviou.com
Book a 15-min call: https://cal.com/whoshriyansh/15min","Hi D.,

No worries if this slipped past — reaching out again in case it's useful. I can have a free demo homepage for Jackson Manufacturing Co ready in a day or two if you'd like to see it before we talk about anything.

Shriyansh
Furviou · furviou.com","Hi D.,

Most furniture businesses we work with see it in fewer people bouncing off the site and more inquiries actually coming through. Want me to put together the free demo for Jackson Manufacturing Co so you can judge it for yourself?

Shriyansh
Furviou · furviou.com","Hi D.,

Didn't want to keep filling your inbox — I'll stop here. If Jackson Manufacturing Co's site ever moves up the priority list, I'm happy to send that free demo whenever it's useful: https://cal.com/whoshriyansh/15min

Shriyansh
Furviou · furviou.com"
Youtopia Events and Rentals,Party equipment rental,Photo booth,+1 469-887-1277,typesetit@att.net,,,"Dallas, TX",5.0,1.0,youtopiaeventsandrentals.com,no analytics/tag manager; no fb pixel,Low,5.5,,Youtopia Events and Rentals's site could be costing you bookings,"Hi there,

I came across Youtopia Events and Rentals while looking at top event rental options in Dallas — 5.0 stars, 1 reviews, clearly well-run. The website (youtopiaeventsandrentals.com) looks like it hasn't been updated in a while though, and that's usually the first thing that makes new customers hesitate.

I'm Shriyansh, founder of Furviou — we build fast, modern sites for local businesses. I'd like to put together a free demo redesign of Youtopia Events and Rentals's homepage, no strings attached.

Want me to send it over?

Shriyansh Kumar Lohia
Founder — Furviou
furviou.com
Book a 15-min call: https://cal.com/whoshriyansh/15min","Hi there,

Just bumping this up in case it got buried. I already have a rough idea of what a cleaner homepage for Youtopia Events and Rentals could look like — happy to send the demo over first so you can judge it on its own, no pressure to reply either way.

Shriyansh
Furviou · furviou.com","Hi there,

We recently redesigned sites for a few other event rental businesses and it made a real difference in how they show up to new customers. Happy to share examples alongside the free demo for Youtopia Events and Rentals if that's useful.

15 minutes is enough to walk through it if you're open to it: https://cal.com/whoshriyansh/15min

Shriyansh
Furviou · furviou.com","Hi there,

I'll leave it here for now — if a faster, more modern site for Youtopia Events and Rentals becomes a priority later, happy to help whenever that is. You can always grab 15 minutes here: https://cal.com/whoshriyansh/15min

All the best,
Shriyansh
Furviou · furviou.com"
Dallas Pipe & Drape Rentals,Party equipment rental,Party equipment rental service,+1 214-325-9396,info@dallaspipeanddraperentals.com,,,"Addison, TX",5.0,1.0,dallaspipeanddraperentals.com,no analytics/tag manager; no fb pixel,Low,5.5,,a faster site for Dallas Pipe & Drape Rentals,"Hi there,

Dallas Pipe & Drape Rentals has a great reputation in Addison (5.0 stars, 1 reviews) but the current site doesn't reflect that yet. A dated site is often the one thing quietly costing a well-reviewed business new bookings.

I'm Shriyansh, founder of Furviou. I build modern, fast websites for local event rental businesses — happy to send a free demo redesign for Dallas Pipe & Drape Rentals so you can see it before deciding on anything.

Open to a quick look?

Shriyansh Kumar Lohia
Founder — Furviou
furviou.com
Book a 15-min call: https://cal.com/whoshriyansh/15min","Hi there,

No worries if this slipped past — reaching out again in case it's useful. I can have a free demo homepage for Dallas Pipe & Drape Rentals ready in a day or two if you'd like to see it before we talk about anything.

Shriyansh
Furviou · furviou.com","Hi there,

Most event rental businesses we work with see it in fewer people bouncing off the site and more inquiries actually coming through. Want me to put together the free demo for Dallas Pipe & Drape Rentals so you can judge it for yourself?

Shriyansh
Furviou · furviou.com","Hi there,

Didn't want to keep filling your inbox — I'll stop here. If Dallas Pipe & Drape Rentals's site ever moves up the priority list, I'm happy to send that free demo whenever it's useful: https://cal.com/whoshriyansh/15min

Shriyansh
Furviou · furviou.com"
TentsEventsandPartyRentalsofEastTexas,Party equipment rental,Party equipment rental service,+1 903-714-3230,ettentsandevents@yahoo.com,,,"Tyler, TX",5.0,1.0,tentseventsandpartyrentals.com,no fb pixel; no builder detected (likely static/neglected),Low,5.5,,quick redesign idea for TentsEventsandPartyRentalsofEastTexas,"Hi there,

I came across TentsEventsandPartyRentalsofEastTexas while looking at top event rental options in Tyler — 5.0 stars, 1 reviews, clearly well-run. The website (tentseventsandpartyrentals.com) looks like it hasn't been updated in a while though, and that's usually the first thing that makes new customers hesitate.

I'm Shriyansh, founder of Furviou — we build fast, modern sites for local businesses. I'd like to put together a free demo redesign of TentsEventsandPartyRentalsofEastTexas's homepage, no strings attached.

Want me to send it over?

Shriyansh Kumar Lohia
Founder — Furviou
furviou.com
Book a 15-min call: https://cal.com/whoshriyansh/15min","Hi there,

Just bumping this up in case it got buried. I already have a rough idea of what a cleaner homepage for TentsEventsandPartyRentalsofEastTexas could look like — happy to send the demo over first so you can judge it on its own, no pressure to reply either way.

Shriyansh
Furviou · furviou.com","Hi there,

We recently redesigned sites for a few other event rental businesses and it made a real difference in how they show up to new customers. Happy to share examples alongside the free demo for TentsEventsandPartyRentalsofEastTexas if that's useful.

15 minutes is enough to walk through it if you're open to it: https://cal.com/whoshriyansh/15min

Shriyansh
Furviou · furviou.com","Hi there,

I'll leave it here for now — if a faster, more modern site for TentsEventsandPartyRentalsofEastTexas becomes a priority later, happy to help whenever that is. You can always grab 15 minutes here: https://cal.com/whoshriyansh/15min

All the best,
Shriyansh
Furviou · furviou.com"
Smith Bros. Contracting Equipment - Bobcat of Broward,Party equipment rental,Equipment rental agency,+1 954-763-9880,miken@smithb.com,Mike Vicky,human resources generalist,"Pompano Beach, FL",5.0,1.0,sbequipment.com,no analytics/tag manager; no fb pixel,Low,5.5,,Smith Bros. Contracting Equipment - Bobcat of Broward's site could be costing you bookings,"Hi Mike,

Smith Bros. Contracting Equipment - Bobcat of Broward has a great reputation in Pompano Beach (5.0 stars, 1 reviews) but the current site doesn't reflect that yet. A dated site is often the one thing quietly costing a well-reviewed business new bookings.

I'm Shriyansh, founder of Furviou. I build modern, fast websites for local event rental businesses — happy to send a free demo redesign for Smith Bros. Contracting Equipment - Bobcat of Broward so you can see it before deciding on anything.

Open to a quick look?

Shriyansh Kumar Lohia
Founder — Furviou
furviou.com
Book a 15-min call: https://cal.com/whoshriyansh/15min","Hi Mike,

No worries if this slipped past — reaching out again in case it's useful. I can have a free demo homepage for Smith Bros. Contracting Equipment - Bobcat of Broward ready in a day or two if you'd like to see it before we talk about anything.

Shriyansh
Furviou · furviou.com","Hi Mike,

Most event rental businesses we work with see it in fewer people bouncing off the site and more inquiries actually coming through. Want me to put together the free demo for Smith Bros. Contracting Equipment - Bobcat of Broward so you can judge it for yourself?

Shriyansh
Furviou · furviou.com","Hi Mike,

Didn't want to keep filling your inbox — I'll stop here. If Smith Bros. Contracting Equipment - Bobcat of Broward's site ever moves up the priority list, I'm happy to send that free demo whenever it's useful: https://cal.com/whoshriyansh/15min

Shriyansh
Furviou · furviou.com"
Party Playground,Party equipment rental,Party equipment rental service,+1 682-561-9061,info@partyplayground.net,,,"Arlington, TX",5.0,1.0,partyplayground.net,no analytics/tag manager; no fb pixel,Low,5.5,,a faster site for Party Playground,"Hi there,

I came across Party Playground while looking at top event rental options in Arlington — 5.0 stars, 1 reviews, clearly well-run. The website (partyplayground.net) looks like it hasn't been updated in a while though, and that's usually the first thing that makes new customers hesitate.

I'm Shriyansh, founder of Furviou — we build fast, modern sites for local businesses. I'd like to put together a free demo redesign of Party Playground's homepage, no strings attached.

Want me to send it over?

Shriyansh Kumar Lohia
Founder — Furviou
furviou.com
Book a 15-min call: https://cal.com/whoshriyansh/15min","Hi there,

Just bumping this up in case it got buried. I already have a rough idea of what a cleaner homepage for Party Playground could look like — happy to send the demo over first so you can judge it on its own, no pressure to reply either way.

Shriyansh
Furviou · furviou.com","Hi there,

We recently redesigned sites for a few other event rental businesses and it made a real difference in how they show up to new customers. Happy to share examples alongside the free demo for Party Playground if that's useful.

15 minutes is enough to walk through it if you're open to it: https://cal.com/whoshriyansh/15min

Shriyansh
Furviou · furviou.com","Hi there,

I'll leave it here for now — if a faster, more modern site for Party Playground becomes a priority later, happy to help whenever that is. You can always grab 15 minutes here: https://cal.com/whoshriyansh/15min

All the best,
Shriyansh
Furviou · furviou.com"
J & L Party Barn Rentals,Party equipment rental,Party equipment rental service,+1 214-673-1604,jandlpartybarn@gmail.com,,,"Ennis, TX",5.0,1.0,jandlpartybarnrentals.com,no analytics/tag manager; no fb pixel,Low,5.5,,quick redesign idea for J & L Party Barn Rentals,"Hi there,

J & L Party Barn Rentals has a great reputation in Ennis (5.0 stars, 1 reviews) but the current site doesn't reflect that yet. A dated site is often the one thing quietly costing a well-reviewed business new bookings.

I'm Shriyansh, founder of Furviou. I build modern, fast websites for local event rental businesses — happy to send a free demo redesign for J & L Party Barn Rentals so you can see it before deciding on anything.

Open to a quick look?

Shriyansh Kumar Lohia
Founder — Furviou
furviou.com
Book a 15-min call: https://cal.com/whoshriyansh/15min","Hi there,

No worries if this slipped past — reaching out again in case it's useful. I can have a free demo homepage for J & L Party Barn Rentals ready in a day or two if you'd like to see it before we talk about anything.

Shriyansh
Furviou · furviou.com","Hi there,

Most event rental businesses we work with see it in fewer people bouncing off the site and more inquiries actually coming through. Want me to put together the free demo for J & L Party Barn Rentals so you can judge it for yourself?

Shriyansh
Furviou · furviou.com","Hi there,

Didn't want to keep filling your inbox — I'll stop here. If J & L Party Barn Rentals's site ever moves up the priority list, I'm happy to send that free demo whenever it's useful: https://cal.com/whoshriyansh/15min

Shriyansh
Furviou · furviou.com"
Abc-bounce,Party equipment rental,Party equipment rental service,+1 479-244-1366,orinshaw@arkansasbouncecompany.com,,,"Eureka Springs, AR",5.0,1.0,abc-bounce.com,no analytics/tag manager; no fb pixel,Low,5.5,,Abc-bounce's site could be costing you bookings,"Hi there,

I came across Abc-bounce while looking at top event rental options in Eureka Springs — 5.0 stars, 1 reviews, clearly well-run. The website (abc-bounce.com) looks like it hasn't been updated in a while though, and that's usually the first thing that makes new customers hesitate.

I'm Shriyansh, founder of Furviou — we build fast, modern sites for local businesses. I'd like to put together a free demo redesign of Abc-bounce's homepage, no strings attached.

Want me to send it over?

Shriyansh Kumar Lohia
Founder — Furviou
furviou.com
Book a 15-min call: https://cal.com/whoshriyansh/15min","Hi there,

Just bumping this up in case it got buried. I already have a rough idea of what a cleaner homepage for Abc-bounce could look like — happy to send the demo over first so you can judge it on its own, no pressure to reply either way.

Shriyansh
Furviou · furviou.com","Hi there,

We recently redesigned sites for a few other event rental businesses and it made a real difference in how they show up to new customers. Happy to share examples alongside the free demo for Abc-bounce if that's useful.

15 minutes is enough to walk through it if you're open to it: https://cal.com/whoshriyansh/15min

Shriyansh
Furviou · furviou.com","Hi there,

I'll leave it here for now — if a faster, more modern site for Abc-bounce becomes a priority later, happy to help whenever that is. You can always grab 15 minutes here: https://cal.com/whoshriyansh/15min

All the best,
Shriyansh
Furviou · furviou.com"
Clown Around Party Rentals,Party equipment rental,Party equipment rental service,+1 972-832-5867,yokarthikg@gmail.com,Karthik Ganapathi,,"McKinney, TX",3.3,26.0,clownaroundpartyrental.com,no analytics/tag manager; no fb pixel,Low,5.3,,a faster site for Clown Around Party Rentals,"Hi Karthik,

Clown Around Party Rentals has a great reputation in McKinney (3.3 stars, 26 reviews) but the current site doesn't reflect that yet. A dated site is often the one thing quietly costing a well-reviewed business new bookings.

I'm Shriyansh, founder of Furviou. I build modern, fast websites for local event rental businesses — happy to send a free demo redesign for Clown Around Party Rentals so you can see it before deciding on anything.

Open to a quick look?

Shriyansh Kumar Lohia
Founder — Furviou
furviou.com
Book a 15-min call: https://cal.com/whoshriyansh/15min","Hi Karthik,

No worries if this slipped past — reaching out again in case it's useful. I can have a free demo homepage for Clown Around Party Rentals ready in a day or two if you'd like to see it before we talk about anything.

Shriyansh
Furviou · furviou.com","Hi Karthik,

Most event rental businesses we work with see it in fewer people bouncing off the site and more inquiries actually coming through. Want me to put together the free demo for Clown Around Party Rentals so you can judge it for yourself?

Shriyansh
Furviou · furviou.com","Hi Karthik,

Didn't want to keep filling your inbox — I'll stop here. If Clown Around Party Rentals's site ever moves up the priority list, I'm happy to send that free demo whenever it's useful: https://cal.com/whoshriyansh/15min

Shriyansh
Furviou · furviou.com"
Global United Furniture,Furniture wholesaler,Furniture wholesaler,+1 713-673-8800,info@gufurnitureusa.com,,,"Houston, TX",2.8,11.0,gufurnitureusa.com,no analytics/tag manager; no fb pixel,Low,4.7,,quick redesign idea for Global United Furniture,"Hi there,

I came across Global United Furniture while looking at top furniture options in Houston — 2.8 stars, 11 reviews, clearly well-run. The website (gufurnitureusa.com) looks like it hasn't been updated in a while though, and that's usually the first thing that makes new customers hesitate.

I'm Shriyansh, founder of Furviou — we build fast, modern sites for local businesses. I'd like to put together a free demo redesign of Global United Furniture's homepage, no strings attached.

Want me to send it over?

Shriyansh Kumar Lohia
Founder — Furviou
furviou.com
Book a 15-min call: https://cal.com/whoshriyansh/15min","Hi there,

Just bumping this up in case it got buried. I already have a rough idea of what a cleaner homepage for Global United Furniture could look like — happy to send the demo over first so you can judge it on its own, no pressure to reply either way.

Shriyansh
Furviou · furviou.com","Hi there,

We recently redesigned sites for a few other furniture businesses and it made a real difference in how they show up to new customers. Happy to share examples alongside the free demo for Global United Furniture if that's useful.

15 minutes is enough to walk through it if you're open to it: https://cal.com/whoshriyansh/15min

Shriyansh
Furviou · furviou.com","Hi there,

I'll leave it here for now — if a faster, more modern site for Global United Furniture becomes a priority later, happy to help whenever that is. You can always grab 15 minutes here: https://cal.com/whoshriyansh/15min

All the best,
Shriyansh
Furviou · furviou.com"
